[2025-11-05 10:13:15] laravel.EMERGENCY: Unable to create configured logger. Using emergency logger. {"exception":"[object] (InvalidArgumentException(code: 0): Log [] is not defined. at /home/admin123/untitled/vendor/laravel/framework/src/Illuminate/Log/LogManager.php:212)
[stacktrace]
#0 /home/admin123/untitled/vendor/laravel/framework/src/Illuminate/Log/LogManager.php(137): Illuminate\\Log\\LogManager->resolve()
#1 /home/admin123/untitled/vendor/laravel/framework/src/Illuminate/Log/LogManager.php(124): Illuminate\\Log\\LogManager->get()
#2 /home/admin123/untitled/vendor/laravel/framework/src/Illuminate/Log/LogManager.php(681): Illuminate\\Log\\LogManager->driver()
#3 /home/admin123/untitled/vendor/laravel/framework/src/Illuminate/Foundation/Exceptions/Handler.php(317): Illuminate\\Log\\LogManager->error()
#4 /home/admin123/untitled/vendor/laravel/framework/src/Illuminate/Foundation/Exceptions/Handler.php(278): Illuminate\\Foundation\\Exceptions\\Handler->reportThrowable()
#5 /home/admin123/untitled/vendor/laravel/framework/src/Illuminate/Foundation/Console/Kernel.php(523): Illuminate\\Foundation\\Exceptions\\Handler->report()
#6 /home/admin123/untitled/vendor/laravel/framework/src/Illuminate/Foundation/Console/Kernel.php(203): Illuminate\\Foundation\\Console\\Kernel->reportException()
#7 /home/admin123/untitled/artisan(14): Illuminate\\Foundation\\Console\\Kernel->handle()
#8 {main}
"} 
[2025-11-05 10:13:15] laravel.ERROR: The /home/admin123/untitled/bootstrap/cache directory must be present and writable. {"exception":"[object] (Exception(code: 0): The /home/admin123/untitled/bootstrap/cache directory must be present and writable. at /home/admin123/untitled/vendor/laravel/framework/src/Illuminate/Foundation/PackageManifest.php:178)
[stacktrace]
#0 /home/admin123/untitled/vendor/laravel/framework/src/Illuminate/Foundation/PackageManifest.php(131): Illuminate\\Foundation\\PackageManifest->write()
#1 /home/admin123/untitled/vendor/laravel/framework/src/Illuminate/Foundation/PackageManifest.php(107): Illuminate\\Foundation\\PackageManifest->build()
#2 /home/admin123/untitled/vendor/laravel/framework/src/Illuminate/Foundation/PackageManifest.php(90): Illuminate\\Foundation\\PackageManifest->getManifest()
#3 /home/admin123/untitled/vendor/laravel/framework/src/Illuminate/Foundation/PackageManifest.php(79): Illuminate\\Foundation\\PackageManifest->config()
#4 /home/admin123/untitled/vendor/laravel/framework/src/Illuminate/Foundation/Bootstrap/RegisterFacades.php(26): Illuminate\\Foundation\\PackageManifest->aliases()
#5 /home/admin123/untitled/vendor/laravel/framework/src/Illuminate/Foundation/Application.php(286): Illuminate\\Foundation\\Bootstrap\\RegisterFacades->bootstrap()
#6 /home/admin123/untitled/vendor/laravel/framework/src/Illuminate/Foundation/Console/Kernel.php(447): Illuminate\\Foundation\\Application->bootstrapWith()
#7 /home/admin123/untitled/vendor/laravel/framework/src/Illuminate/Foundation/Console/Kernel.php(199): Illuminate\\Foundation\\Console\\Kernel->bootstrap()
#8 /home/admin123/untitled/artisan(14): Illuminate\\Foundation\\Console\\Kernel->handle()
#9 {main}
"} 
[2025-11-05 10:13:18] laravel.EMERGENCY: Unable to create configured logger. Using emergency logger. {"exception":"[object] (InvalidArgumentException(code: 0): Log [] is not defined. at /home/admin123/untitled/vendor/laravel/framework/src/Illuminate/Log/LogManager.php:212)
[stacktrace]
#0 /home/admin123/untitled/vendor/laravel/framework/src/Illuminate/Log/LogManager.php(137): Illuminate\\Log\\LogManager->resolve()
#1 /home/admin123/untitled/vendor/laravel/framework/src/Illuminate/Log/LogManager.php(124): Illuminate\\Log\\LogManager->get()
#2 /home/admin123/untitled/vendor/laravel/framework/src/Illuminate/Log/LogManager.php(681): Illuminate\\Log\\LogManager->driver()
#3 /home/admin123/untitled/vendor/laravel/framework/src/Illuminate/Foundation/Exceptions/Handler.php(317): Illuminate\\Log\\LogManager->error()
#4 /home/admin123/untitled/vendor/laravel/framework/src/Illuminate/Foundation/Exceptions/Handler.php(278): Illuminate\\Foundation\\Exceptions\\Handler->reportThrowable()
#5 /home/admin123/untitled/vendor/laravel/framework/src/Illuminate/Foundation/Console/Kernel.php(523): Illuminate\\Foundation\\Exceptions\\Handler->report()
#6 /home/admin123/untitled/vendor/laravel/framework/src/Illuminate/Foundation/Console/Kernel.php(203): Illuminate\\Foundation\\Console\\Kernel->reportException()
#7 /home/admin123/untitled/artisan(14): Illuminate\\Foundation\\Console\\Kernel->handle()
#8 {main}
"} 
[2025-11-05 10:13:18] laravel.ERROR: Method Illuminate\Foundation\Console\ClosureCommand::hourly does not exist. {"exception":"[object] (BadMethodCallException(code: 0): Method Illuminate\\Foundation\\Console\\ClosureCommand::hourly does not exist. at /home/admin123/untitled/vendor/laravel/framework/src/Illuminate/Macroable/Traits/Macroable.php:112)
[stacktrace]
#0 /home/admin123/untitled/routes/console.php(8): Illuminate\\Console\\Command->__call()
#1 /home/admin123/untitled/app/Console/Kernel.php(25): require('...')
#2 /home/admin123/untitled/vendor/laravel/framework/src/Illuminate/Foundation/Console/Kernel.php(453): App\\Console\\Kernel->commands()
#3 /home/admin123/untitled/vendor/laravel/framework/src/Illuminate/Foundation/Console/Kernel.php(199): Illuminate\\Foundation\\Console\\Kernel->bootstrap()
#4 /home/admin123/untitled/artisan(14): Illuminate\\Foundation\\Console\\Kernel->handle()
#5 {main}
"} 
[2025-11-05 10:13:19] laravel.EMERGENCY: Unable to create configured logger. Using emergency logger. {"exception":"[object] (InvalidArgumentException(code: 0): Log [] is not defined. at /home/admin123/untitled/vendor/laravel/framework/src/Illuminate/Log/LogManager.php:212)
[stacktrace]
#0 /home/admin123/untitled/vendor/laravel/framework/src/Illuminate/Log/LogManager.php(137): Illuminate\\Log\\LogManager->resolve()
#1 /home/admin123/untitled/vendor/laravel/framework/src/Illuminate/Log/LogManager.php(124): Illuminate\\Log\\LogManager->get()
#2 /home/admin123/untitled/vendor/laravel/framework/src/Illuminate/Log/LogManager.php(681): Illuminate\\Log\\LogManager->driver()
#3 /home/admin123/untitled/vendor/laravel/framework/src/Illuminate/Foundation/Exceptions/Handler.php(317): Illuminate\\Log\\LogManager->error()
#4 /home/admin123/untitled/vendor/laravel/framework/src/Illuminate/Foundation/Exceptions/Handler.php(278): Illuminate\\Foundation\\Exceptions\\Handler->reportThrowable()
#5 /home/admin123/untitled/vendor/laravel/framework/src/Illuminate/Foundation/Console/Kernel.php(523): Illuminate\\Foundation\\Exceptions\\Handler->report()
#6 /home/admin123/untitled/vendor/laravel/framework/src/Illuminate/Foundation/Console/Kernel.php(203): Illuminate\\Foundation\\Console\\Kernel->reportException()
#7 /home/admin123/untitled/artisan(14): Illuminate\\Foundation\\Console\\Kernel->handle()
#8 {main}
"} 
[2025-11-05 10:13:19] laravel.ERROR: Method Illuminate\Foundation\Console\ClosureCommand::hourly does not exist. {"exception":"[object] (BadMethodCallException(code: 0): Method Illuminate\\Foundation\\Console\\ClosureCommand::hourly does not exist. at /home/admin123/untitled/vendor/laravel/framework/src/Illuminate/Macroable/Traits/Macroable.php:112)
[stacktrace]
#0 /home/admin123/untitled/routes/console.php(8): Illuminate\\Console\\Command->__call()
#1 /home/admin123/untitled/app/Console/Kernel.php(25): require('...')
#2 /home/admin123/untitled/vendor/laravel/framework/src/Illuminate/Foundation/Console/Kernel.php(453): App\\Console\\Kernel->commands()
#3 /home/admin123/untitled/vendor/laravel/framework/src/Illuminate/Foundation/Console/Kernel.php(199): Illuminate\\Foundation\\Console\\Kernel->bootstrap()
#4 /home/admin123/untitled/artisan(14): Illuminate\\Foundation\\Console\\Kernel->handle()
#5 {main}
"} 
[2025-11-05 10:13:24] laravel.EMERGENCY: Unable to create configured logger. Using emergency logger. {"exception":"[object] (InvalidArgumentException(code: 0): Log [] is not defined. at /home/admin123/untitled/vendor/laravel/framework/src/Illuminate/Log/LogManager.php:212)
[stacktrace]
#0 /home/admin123/untitled/vendor/laravel/framework/src/Illuminate/Log/LogManager.php(137): Illuminate\\Log\\LogManager->resolve()
#1 /home/admin123/untitled/vendor/laravel/framework/src/Illuminate/Log/LogManager.php(124): Illuminate\\Log\\LogManager->get()
#2 /home/admin123/untitled/vendor/laravel/framework/src/Illuminate/Log/LogManager.php(681): Illuminate\\Log\\LogManager->driver()
#3 /home/admin123/untitled/vendor/laravel/framework/src/Illuminate/Foundation/Exceptions/Handler.php(317): Illuminate\\Log\\LogManager->error()
#4 /home/admin123/untitled/vendor/laravel/framework/src/Illuminate/Foundation/Exceptions/Handler.php(278): Illuminate\\Foundation\\Exceptions\\Handler->reportThrowable()
#5 /home/admin123/untitled/vendor/laravel/framework/src/Illuminate/Foundation/Console/Kernel.php(523): Illuminate\\Foundation\\Exceptions\\Handler->report()
#6 /home/admin123/untitled/vendor/laravel/framework/src/Illuminate/Foundation/Console/Kernel.php(203): Illuminate\\Foundation\\Console\\Kernel->reportException()
#7 /home/admin123/untitled/artisan(14): Illuminate\\Foundation\\Console\\Kernel->handle()
#8 {main}
"} 
[2025-11-05 10:13:24] laravel.ERROR: Class "DOMDocument" not found {"exception":"[object] (Error(code: 0): Class \"DOMDocument\" not found at /home/admin123/untitled/vendor/nunomaduro/termwind/src/HtmlRenderer.php:32)
[stacktrace]
#0 /home/admin123/untitled/vendor/nunomaduro/termwind/src/HtmlRenderer.php(24): Termwind\\HtmlRenderer->parse()
#1 /home/admin123/untitled/vendor/nunomaduro/termwind/src/Functions.php(41): Termwind\\HtmlRenderer->render()
#2 /home/admin123/untitled/vendor/laravel/framework/src/Illuminate/Console/View/Components/Component.php(52): Termwind\\render()
#3 /home/admin123/untitled/vendor/laravel/framework/src/Illuminate/Console/View/Components/Line.php(49): Illuminate\\Console\\View\\Components\\Component->renderView()
#4 /home/admin123/untitled/vendor/laravel/framework/src/Illuminate/Console/View/Components/Info.php(18): Illuminate\\Console\\View\\Components\\Line->render()
#5 /home/admin123/untitled/vendor/laravel/framework/src/Illuminate/Console/View/Components/Factory.php(58): Illuminate\\Console\\View\\Components\\Info->render()
#6 /home/admin123/untitled/vendor/laravel/framework/src/Illuminate/Foundation/Console/KeyGenerateCommand.php(53): Illuminate\\Console\\View\\Components\\Factory->__call()
#7 /home/admin123/untitled/vendor/laravel/framework/src/Illuminate/Container/BoundMethod.php(36): Illuminate\\Foundation\\Console\\KeyGenerateCommand->handle()
#8 /home/admin123/untitled/vendor/laravel/framework/src/Illuminate/Container/Util.php(41): Illuminate\\Container\\BoundMethod::Illuminate\\Container\\{closure}()
#9 /home/admin123/untitled/vendor/laravel/framework/src/Illuminate/Container/BoundMethod.php(93): Illuminate\\Container\\Util::unwrapIfClosure()
#10 /home/admin123/untitled/vendor/laravel/framework/src/Illuminate/Container/BoundMethod.php(35): Illuminate\\Container\\BoundMethod::callBoundMethod()
#11 /home/admin123/untitled/vendor/laravel/framework/src/Illuminate/Container/Container.php(662): Illuminate\\Container\\BoundMethod::call()
#12 /home/admin123/untitled/vendor/laravel/framework/src/Illuminate/Console/Command.php(211): Illuminate\\Container\\Container->call()
#13 /home/admin123/untitled/vendor/symfony/console/Command/Command.php(326): Illuminate\\Console\\Command->execute()
#14 /home/admin123/untitled/vendor/laravel/framework/src/Illuminate/Console/Command.php(180): Symfony\\Component\\Console\\Command\\Command->run()
#15 /home/admin123/untitled/vendor/symfony/console/Application.php(1088): Illuminate\\Console\\Command->run()
#16 /home/admin123/untitled/vendor/symfony/console/Application.php(324): Symfony\\Component\\Console\\Application->doRunCommand()
#17 /home/admin123/untitled/vendor/symfony/console/Application.php(175): Symfony\\Component\\Console\\Application->doRun()
#18 /home/admin123/untitled/vendor/laravel/framework/src/Illuminate/Foundation/Console/Kernel.php(201): Symfony\\Component\\Console\\Application->run()
#19 /home/admin123/untitled/artisan(14): Illuminate\\Foundation\\Console\\Kernel->handle()
#20 {main}
"} 
[2025-11-05 10:13:25] laravel.EMERGENCY: Unable to create configured logger. Using emergency logger. {"exception":"[object] (InvalidArgumentException(code: 0): Log [] is not defined. at /home/admin123/untitled/vendor/laravel/framework/src/Illuminate/Log/LogManager.php:212)
[stacktrace]
#0 /home/admin123/untitled/vendor/laravel/framework/src/Illuminate/Log/LogManager.php(137): Illuminate\\Log\\LogManager->resolve()
#1 /home/admin123/untitled/vendor/laravel/framework/src/Illuminate/Log/LogManager.php(124): Illuminate\\Log\\LogManager->get()
#2 /home/admin123/untitled/vendor/laravel/framework/src/Illuminate/Log/LogManager.php(681): Illuminate\\Log\\LogManager->driver()
#3 /home/admin123/untitled/vendor/laravel/framework/src/Illuminate/Foundation/Exceptions/Handler.php(317): Illuminate\\Log\\LogManager->error()
#4 /home/admin123/untitled/vendor/laravel/framework/src/Illuminate/Foundation/Exceptions/Handler.php(278): Illuminate\\Foundation\\Exceptions\\Handler->reportThrowable()
#5 /home/admin123/untitled/vendor/laravel/framework/src/Illuminate/Foundation/Console/Kernel.php(523): Illuminate\\Foundation\\Exceptions\\Handler->report()
#6 /home/admin123/untitled/vendor/laravel/framework/src/Illuminate/Foundation/Console/Kernel.php(203): Illuminate\\Foundation\\Console\\Kernel->reportException()
#7 /home/admin123/untitled/artisan(14): Illuminate\\Foundation\\Console\\Kernel->handle()
#8 {main}
"} 
[2025-11-05 10:13:25] laravel.ERROR: Database file at path [home/admin123/untitled/database/database.sqlite] does not exist. Ensure this is an absolute path to the database. (Connection: sqlite, SQL: PRAGMA foreign_keys = ON;) {"exception":"[object] (Illuminate\\Database\\QueryException(code: 0): Database file at path [home/admin123/untitled/database/database.sqlite] does not exist. Ensure this is an absolute path to the database. (Connection: sqlite, SQL: PRAGMA foreign_keys = ON;) at /home/admin123/untitled/vendor/laravel/framework/src/Illuminate/Database/Connection.php:829)
[stacktrace]
#0 /home/admin123/untitled/vendor/laravel/framework/src/Illuminate/Database/Connection.php(783): Illuminate\\Database\\Connection->runQueryCallback()
#1 /home/admin123/untitled/vendor/laravel/framework/src/Illuminate/Database/Connection.php(576): Illuminate\\Database\\Connection->run()
#2 /home/admin123/untitled/vendor/laravel/framework/src/Illuminate/Database/Schema/Builder.php(560): Illuminate\\Database\\Connection->statement()
#3 /home/admin123/untitled/vendor/laravel/framework/src/Illuminate/Database/SQLiteConnection.php(36): Illuminate\\Database\\Schema\\Builder->enableForeignKeyConstraints()
#4 /home/admin123/untitled/vendor/laravel/framework/src/Illuminate/Database/Connectors/ConnectionFactory.php(272): Illuminate\\Database\\SQLiteConnection->__construct()
#5 /home/admin123/untitled/vendor/laravel/framework/src/Illuminate/Database/Connectors/ConnectionFactory.php(75): Illuminate\\Database\\Connectors\\ConnectionFactory->createConnection()
#6 /home/admin123/untitled/vendor/laravel/framework/src/Illuminate/Database/Connectors/ConnectionFactory.php(50): Illuminate\\Database\\Connectors\\ConnectionFactory->createSingleConnection()
#7 /home/admin123/untitled/vendor/laravel/framework/src/Illuminate/Database/DatabaseManager.php(175): Illuminate\\Database\\Connectors\\ConnectionFactory->make()
#8 /home/admin123/untitled/vendor/laravel/framework/src/Illuminate/Database/DatabaseManager.php(101): Illuminate\\Database\\DatabaseManager->makeConnection()
#9 /home/admin123/untitled/vendor/laravel/framework/src/Illuminate/Database/Migrations/DatabaseMigrationRepository.php(226): Illuminate\\Database\\DatabaseManager->connection()
#10 /home/admin123/untitled/vendor/laravel/framework/src/Illuminate/Database/Migrations/DatabaseMigrationRepository.php(182): Illuminate\\Database\\Migrations\\DatabaseMigrationRepository->getConnection()
#11 /home/admin123/untitled/vendor/laravel/framework/src/Illuminate/Database/Migrations/Migrator.php(727): Illuminate\\Database\\Migrations\\DatabaseMigrationRepository->repositoryExists()
#12 /home/admin123/untitled/vendor/laravel/framework/src/Illuminate/Database/Console/Migrations/MigrateCommand.php(140): Illuminate\\Database\\Migrations\\Migrator->repositoryExists()
#13 /home/admin123/untitled/vendor/laravel/framework/src/Illuminate/Support/helpers.php(261): Illuminate\\Database\\Console\\Migrations\\MigrateCommand->Illuminate\\Database\\Console\\Migrations\\{closure}()
#14 /home/admin123/untitled/vendor/laravel/framework/src/Illuminate/Database/Console/Migrations/MigrateCommand.php(140): retry()
#15 /home/admin123/untitled/vendor/laravel/framework/src/Illuminate/Database/Console/Migrations/MigrateCommand.php(116): Illuminate\\Database\\Console\\Migrations\\MigrateCommand->repositoryExists()
#16 /home/admin123/untitled/vendor/laravel/framework/src/Illuminate/Database/Console/Migrations/MigrateCommand.php(84): Illuminate\\Database\\Console\\Migrations\\MigrateCommand->prepareDatabase()
#17 /home/admin123/untitled/vendor/laravel/framework/src/Illuminate/Database/Migrations/Migrator.php(641): Illuminate\\Database\\Console\\Migrations\\MigrateCommand->Illuminate\\Database\\Console\\Migrations\\{closure}()
#18 /home/admin123/untitled/vendor/laravel/framework/src/Illuminate/Database/Console/Migrations/MigrateCommand.php(83): Illuminate\\Database\\Migrations\\Migrator->usingConnection()
#19 /home/admin123/untitled/vendor/laravel/framework/src/Illuminate/Container/BoundMethod.php(36): Illuminate\\Database\\Console\\Migrations\\MigrateCommand->handle()
#20 /home/admin123/untitled/vendor/laravel/framework/src/Illuminate/Container/Util.php(41): Illuminate\\Container\\BoundMethod::Illuminate\\Container\\{closure}()
#21 /home/admin123/untitled/vendor/laravel/framework/src/Illuminate/Container/BoundMethod.php(93): Illuminate\\Container\\Util::unwrapIfClosure()
#22 /home/admin123/untitled/vendor/laravel/framework/src/Illuminate/Container/BoundMethod.php(35): Illuminate\\Container\\BoundMethod::callBoundMethod()
#23 /home/admin123/untitled/vendor/laravel/framework/src/Illuminate/Container/Container.php(662): Illuminate\\Container\\BoundMethod::call()
#24 /home/admin123/untitled/vendor/laravel/framework/src/Illuminate/Console/Command.php(211): Illuminate\\Container\\Container->call()
#25 /home/admin123/untitled/vendor/symfony/console/Command/Command.php(326): Illuminate\\Console\\Command->execute()
#26 /home/admin123/untitled/vendor/laravel/framework/src/Illuminate/Console/Command.php(180): Symfony\\Component\\Console\\Command\\Command->run()
#27 /home/admin123/untitled/vendor/symfony/console/Application.php(1088): Illuminate\\Console\\Command->run()
#28 /home/admin123/untitled/vendor/symfony/console/Application.php(324): Symfony\\Component\\Console\\Application->doRunCommand()
#29 /home/admin123/untitled/vendor/symfony/console/Application.php(175): Symfony\\Component\\Console\\Application->doRun()
#30 /home/admin123/untitled/vendor/laravel/framework/src/Illuminate/Foundation/Console/Kernel.php(201): Symfony\\Component\\Console\\Application->run()
#31 /home/admin123/untitled/artisan(14): Illuminate\\Foundation\\Console\\Kernel->handle()
#32 {main}

[previous exception] [object] (Illuminate\\Database\\SQLiteDatabaseDoesNotExistException(code: 0): Database file at path [home/admin123/untitled/database/database.sqlite] does not exist. Ensure this is an absolute path to the database. at /home/admin123/untitled/vendor/laravel/framework/src/Illuminate/Database/Connectors/SQLiteConnector.php:34)
[stacktrace]
#0 /home/admin123/untitled/vendor/laravel/framework/src/Illuminate/Database/Connectors/ConnectionFactory.php(221): Illuminate\\Database\\Connectors\\SQLiteConnector->connect()
#1 [internal function]: Illuminate\\Database\\Connectors\\ConnectionFactory->Illuminate\\Database\\Connectors\\{closure}()
#2 /home/admin123/untitled/vendor/laravel/framework/src/Illuminate/Database/Connection.php(1339): call_user_func()
#3 /home/admin123/untitled/vendor/laravel/framework/src/Illuminate/Database/Connection.php(581): Illuminate\\Database\\Connection->getPdo()
#4 /home/admin123/untitled/vendor/laravel/framework/src/Illuminate/Database/Connection.php(816): Illuminate\\Database\\Connection->Illuminate\\Database\\{closure}()
#5 /home/admin123/untitled/vendor/laravel/framework/src/Illuminate/Database/Connection.php(783): Illuminate\\Database\\Connection->runQueryCallback()
#6 /home/admin123/untitled/vendor/laravel/framework/src/Illuminate/Database/Connection.php(576): Illuminate\\Database\\Connection->run()
#7 /home/admin123/untitled/vendor/laravel/framework/src/Illuminate/Database/Schema/Builder.php(560): Illuminate\\Database\\Connection->statement()
#8 /home/admin123/untitled/vendor/laravel/framework/src/Illuminate/Database/SQLiteConnection.php(36): Illuminate\\Database\\Schema\\Builder->enableForeignKeyConstraints()
#9 /home/admin123/untitled/vendor/laravel/framework/src/Illuminate/Database/Connectors/ConnectionFactory.php(272): Illuminate\\Database\\SQLiteConnection->__construct()
#10 /home/admin123/untitled/vendor/laravel/framework/src/Illuminate/Database/Connectors/ConnectionFactory.php(75): Illuminate\\Database\\Connectors\\ConnectionFactory->createConnection()
#11 /home/admin123/untitled/vendor/laravel/framework/src/Illuminate/Database/Connectors/ConnectionFactory.php(50): Illuminate\\Database\\Connectors\\ConnectionFactory->createSingleConnection()
#12 /home/admin123/untitled/vendor/laravel/framework/src/Illuminate/Database/DatabaseManager.php(175): Illuminate\\Database\\Connectors\\ConnectionFactory->make()
#13 /home/admin123/untitled/vendor/laravel/framework/src/Illuminate/Database/DatabaseManager.php(101): Illuminate\\Database\\DatabaseManager->makeConnection()
#14 /home/admin123/untitled/vendor/laravel/framework/src/Illuminate/Database/Migrations/DatabaseMigrationRepository.php(226): Illuminate\\Database\\DatabaseManager->connection()
#15 /home/admin123/untitled/vendor/laravel/framework/src/Illuminate/Database/Migrations/DatabaseMigrationRepository.php(182): Illuminate\\Database\\Migrations\\DatabaseMigrationRepository->getConnection()
#16 /home/admin123/untitled/vendor/laravel/framework/src/Illuminate/Database/Migrations/Migrator.php(727): Illuminate\\Database\\Migrations\\DatabaseMigrationRepository->repositoryExists()
#17 /home/admin123/untitled/vendor/laravel/framework/src/Illuminate/Database/Console/Migrations/MigrateCommand.php(140): Illuminate\\Database\\Migrations\\Migrator->repositoryExists()
#18 /home/admin123/untitled/vendor/laravel/framework/src/Illuminate/Support/helpers.php(261): Illuminate\\Database\\Console\\Migrations\\MigrateCommand->Illuminate\\Database\\Console\\Migrations\\{closure}()
#19 /home/admin123/untitled/vendor/laravel/framework/src/Illuminate/Database/Console/Migrations/MigrateCommand.php(140): retry()
#20 /home/admin123/untitled/vendor/laravel/framework/src/Illuminate/Database/Console/Migrations/MigrateCommand.php(116): Illuminate\\Database\\Console\\Migrations\\MigrateCommand->repositoryExists()
#21 /home/admin123/untitled/vendor/laravel/framework/src/Illuminate/Database/Console/Migrations/MigrateCommand.php(84): Illuminate\\Database\\Console\\Migrations\\MigrateCommand->prepareDatabase()
#22 /home/admin123/untitled/vendor/laravel/framework/src/Illuminate/Database/Migrations/Migrator.php(641): Illuminate\\Database\\Console\\Migrations\\MigrateCommand->Illuminate\\Database\\Console\\Migrations\\{closure}()
#23 /home/admin123/untitled/vendor/laravel/framework/src/Illuminate/Database/Console/Migrations/MigrateCommand.php(83): Illuminate\\Database\\Migrations\\Migrator->usingConnection()
#24 /home/admin123/untitled/vendor/laravel/framework/src/Illuminate/Container/BoundMethod.php(36): Illuminate\\Database\\Console\\Migrations\\MigrateCommand->handle()
#25 /home/admin123/untitled/vendor/laravel/framework/src/Illuminate/Container/Util.php(41): Illuminate\\Container\\BoundMethod::Illuminate\\Container\\{closure}()
#26 /home/admin123/untitled/vendor/laravel/framework/src/Illuminate/Container/BoundMethod.php(93): Illuminate\\Container\\Util::unwrapIfClosure()
#27 /home/admin123/untitled/vendor/laravel/framework/src/Illuminate/Container/BoundMethod.php(35): Illuminate\\Container\\BoundMethod::callBoundMethod()
#28 /home/admin123/untitled/vendor/laravel/framework/src/Illuminate/Container/Container.php(662): Illuminate\\Container\\BoundMethod::call()
#29 /home/admin123/untitled/vendor/laravel/framework/src/Illuminate/Console/Command.php(211): Illuminate\\Container\\Container->call()
#30 /home/admin123/untitled/vendor/symfony/console/Command/Command.php(326): Illuminate\\Console\\Command->execute()
#31 /home/admin123/untitled/vendor/laravel/framework/src/Illuminate/Console/Command.php(180): Symfony\\Component\\Console\\Command\\Command->run()
#32 /home/admin123/untitled/vendor/symfony/console/Application.php(1088): Illuminate\\Console\\Command->run()
#33 /home/admin123/untitled/vendor/symfony/console/Application.php(324): Symfony\\Component\\Console\\Application->doRunCommand()
#34 /home/admin123/untitled/vendor/symfony/console/Application.php(175): Symfony\\Component\\Console\\Application->doRun()
#35 /home/admin123/untitled/vendor/laravel/framework/src/Illuminate/Foundation/Console/Kernel.php(201): Symfony\\Component\\Console\\Application->run()
#36 /home/admin123/untitled/artisan(14): Illuminate\\Foundation\\Console\\Kernel->handle()
#37 {main}
"} 
[2025-11-05 10:13:30] laravel.EMERGENCY: Unable to create configured logger. Using emergency logger. {"exception":"[object] (InvalidArgumentException(code: 0): Log [] is not defined. at /home/admin123/untitled/vendor/laravel/framework/src/Illuminate/Log/LogManager.php:212)
[stacktrace]
#0 /home/admin123/untitled/vendor/laravel/framework/src/Illuminate/Log/LogManager.php(137): Illuminate\\Log\\LogManager->resolve()
#1 /home/admin123/untitled/vendor/laravel/framework/src/Illuminate/Log/LogManager.php(124): Illuminate\\Log\\LogManager->get()
#2 /home/admin123/untitled/vendor/laravel/framework/src/Illuminate/Log/LogManager.php(681): Illuminate\\Log\\LogManager->driver()
#3 /home/admin123/untitled/vendor/laravel/framework/src/Illuminate/Foundation/Exceptions/Handler.php(317): Illuminate\\Log\\LogManager->error()
#4 /home/admin123/untitled/vendor/laravel/framework/src/Illuminate/Foundation/Exceptions/Handler.php(278): Illuminate\\Foundation\\Exceptions\\Handler->reportThrowable()
#5 /home/admin123/untitled/vendor/laravel/framework/src/Illuminate/Foundation/Console/Kernel.php(523): Illuminate\\Foundation\\Exceptions\\Handler->report()
#6 /home/admin123/untitled/vendor/laravel/framework/src/Illuminate/Foundation/Console/Kernel.php(203): Illuminate\\Foundation\\Console\\Kernel->reportException()
#7 /home/admin123/untitled/artisan(14): Illuminate\\Foundation\\Console\\Kernel->handle()
#8 {main}
"} 
[2025-11-05 10:13:30] laravel.ERROR: Database file at path [home/admin123/untitled/database/database.sqlite] does not exist. Ensure this is an absolute path to the database. (Connection: sqlite, SQL: PRAGMA foreign_keys = ON;) {"exception":"[object] (Illuminate\\Database\\QueryException(code: 0): Database file at path [home/admin123/untitled/database/database.sqlite] does not exist. Ensure this is an absolute path to the database. (Connection: sqlite, SQL: PRAGMA foreign_keys = ON;) at /home/admin123/untitled/vendor/laravel/framework/src/Illuminate/Database/Connection.php:829)
[stacktrace]
#0 /home/admin123/untitled/vendor/laravel/framework/src/Illuminate/Database/Connection.php(783): Illuminate\\Database\\Connection->runQueryCallback()
#1 /home/admin123/untitled/vendor/laravel/framework/src/Illuminate/Database/Connection.php(576): Illuminate\\Database\\Connection->run()
#2 /home/admin123/untitled/vendor/laravel/framework/src/Illuminate/Database/Schema/Builder.php(560): Illuminate\\Database\\Connection->statement()
#3 /home/admin123/untitled/vendor/laravel/framework/src/Illuminate/Database/SQLiteConnection.php(36): Illuminate\\Database\\Schema\\Builder->enableForeignKeyConstraints()
#4 /home/admin123/untitled/vendor/laravel/framework/src/Illuminate/Database/Connectors/ConnectionFactory.php(272): Illuminate\\Database\\SQLiteConnection->__construct()
#5 /home/admin123/untitled/vendor/laravel/framework/src/Illuminate/Database/Connectors/ConnectionFactory.php(75): Illuminate\\Database\\Connectors\\ConnectionFactory->createConnection()
#6 /home/admin123/untitled/vendor/laravel/framework/src/Illuminate/Database/Connectors/ConnectionFactory.php(50): Illuminate\\Database\\Connectors\\ConnectionFactory->createSingleConnection()
#7 /home/admin123/untitled/vendor/laravel/framework/src/Illuminate/Database/DatabaseManager.php(175): Illuminate\\Database\\Connectors\\ConnectionFactory->make()
#8 /home/admin123/untitled/vendor/laravel/framework/src/Illuminate/Database/DatabaseManager.php(101): Illuminate\\Database\\DatabaseManager->makeConnection()
#9 /home/admin123/untitled/vendor/laravel/framework/src/Illuminate/Database/Migrations/DatabaseMigrationRepository.php(226): Illuminate\\Database\\DatabaseManager->connection()
#10 /home/admin123/untitled/vendor/laravel/framework/src/Illuminate/Database/Migrations/DatabaseMigrationRepository.php(182): Illuminate\\Database\\Migrations\\DatabaseMigrationRepository->getConnection()
#11 /home/admin123/untitled/vendor/laravel/framework/src/Illuminate/Database/Migrations/Migrator.php(727): Illuminate\\Database\\Migrations\\DatabaseMigrationRepository->repositoryExists()
#12 /home/admin123/untitled/vendor/laravel/framework/src/Illuminate/Database/Console/Migrations/MigrateCommand.php(140): Illuminate\\Database\\Migrations\\Migrator->repositoryExists()
#13 /home/admin123/untitled/vendor/laravel/framework/src/Illuminate/Support/helpers.php(261): Illuminate\\Database\\Console\\Migrations\\MigrateCommand->Illuminate\\Database\\Console\\Migrations\\{closure}()
#14 /home/admin123/untitled/vendor/laravel/framework/src/Illuminate/Database/Console/Migrations/MigrateCommand.php(140): retry()
#15 /home/admin123/untitled/vendor/laravel/framework/src/Illuminate/Database/Console/Migrations/MigrateCommand.php(116): Illuminate\\Database\\Console\\Migrations\\MigrateCommand->repositoryExists()
#16 /home/admin123/untitled/vendor/laravel/framework/src/Illuminate/Database/Console/Migrations/MigrateCommand.php(84): Illuminate\\Database\\Console\\Migrations\\MigrateCommand->prepareDatabase()
#17 /home/admin123/untitled/vendor/laravel/framework/src/Illuminate/Database/Migrations/Migrator.php(641): Illuminate\\Database\\Console\\Migrations\\MigrateCommand->Illuminate\\Database\\Console\\Migrations\\{closure}()
#18 /home/admin123/untitled/vendor/laravel/framework/src/Illuminate/Database/Console/Migrations/MigrateCommand.php(83): Illuminate\\Database\\Migrations\\Migrator->usingConnection()
#19 /home/admin123/untitled/vendor/laravel/framework/src/Illuminate/Container/BoundMethod.php(36): Illuminate\\Database\\Console\\Migrations\\MigrateCommand->handle()
#20 /home/admin123/untitled/vendor/laravel/framework/src/Illuminate/Container/Util.php(41): Illuminate\\Container\\BoundMethod::Illuminate\\Container\\{closure}()
#21 /home/admin123/untitled/vendor/laravel/framework/src/Illuminate/Container/BoundMethod.php(93): Illuminate\\Container\\Util::unwrapIfClosure()
#22 /home/admin123/untitled/vendor/laravel/framework/src/Illuminate/Container/BoundMethod.php(35): Illuminate\\Container\\BoundMethod::callBoundMethod()
#23 /home/admin123/untitled/vendor/laravel/framework/src/Illuminate/Container/Container.php(662): Illuminate\\Container\\BoundMethod::call()
#24 /home/admin123/untitled/vendor/laravel/framework/src/Illuminate/Console/Command.php(211): Illuminate\\Container\\Container->call()
#25 /home/admin123/untitled/vendor/symfony/console/Command/Command.php(326): Illuminate\\Console\\Command->execute()
#26 /home/admin123/untitled/vendor/laravel/framework/src/Illuminate/Console/Command.php(180): Symfony\\Component\\Console\\Command\\Command->run()
#27 /home/admin123/untitled/vendor/symfony/console/Application.php(1088): Illuminate\\Console\\Command->run()
#28 /home/admin123/untitled/vendor/symfony/console/Application.php(324): Symfony\\Component\\Console\\Application->doRunCommand()
#29 /home/admin123/untitled/vendor/symfony/console/Application.php(175): Symfony\\Component\\Console\\Application->doRun()
#30 /home/admin123/untitled/vendor/laravel/framework/src/Illuminate/Foundation/Console/Kernel.php(201): Symfony\\Component\\Console\\Application->run()
#31 /home/admin123/untitled/artisan(14): Illuminate\\Foundation\\Console\\Kernel->handle()
#32 {main}

[previous exception] [object] (Illuminate\\Database\\SQLiteDatabaseDoesNotExistException(code: 0): Database file at path [home/admin123/untitled/database/database.sqlite] does not exist. Ensure this is an absolute path to the database. at /home/admin123/untitled/vendor/laravel/framework/src/Illuminate/Database/Connectors/SQLiteConnector.php:34)
[stacktrace]
#0 /home/admin123/untitled/vendor/laravel/framework/src/Illuminate/Database/Connectors/ConnectionFactory.php(221): Illuminate\\Database\\Connectors\\SQLiteConnector->connect()
#1 [internal function]: Illuminate\\Database\\Connectors\\ConnectionFactory->Illuminate\\Database\\Connectors\\{closure}()
#2 /home/admin123/untitled/vendor/laravel/framework/src/Illuminate/Database/Connection.php(1339): call_user_func()
#3 /home/admin123/untitled/vendor/laravel/framework/src/Illuminate/Database/Connection.php(581): Illuminate\\Database\\Connection->getPdo()
#4 /home/admin123/untitled/vendor/laravel/framework/src/Illuminate/Database/Connection.php(816): Illuminate\\Database\\Connection->Illuminate\\Database\\{closure}()
#5 /home/admin123/untitled/vendor/laravel/framework/src/Illuminate/Database/Connection.php(783): Illuminate\\Database\\Connection->runQueryCallback()
#6 /home/admin123/untitled/vendor/laravel/framework/src/Illuminate/Database/Connection.php(576): Illuminate\\Database\\Connection->run()
#7 /home/admin123/untitled/vendor/laravel/framework/src/Illuminate/Database/Schema/Builder.php(560): Illuminate\\Database\\Connection->statement()
#8 /home/admin123/untitled/vendor/laravel/framework/src/Illuminate/Database/SQLiteConnection.php(36): Illuminate\\Database\\Schema\\Builder->enableForeignKeyConstraints()
#9 /home/admin123/untitled/vendor/laravel/framework/src/Illuminate/Database/Connectors/ConnectionFactory.php(272): Illuminate\\Database\\SQLiteConnection->__construct()
#10 /home/admin123/untitled/vendor/laravel/framework/src/Illuminate/Database/Connectors/ConnectionFactory.php(75): Illuminate\\Database\\Connectors\\ConnectionFactory->createConnection()
#11 /home/admin123/untitled/vendor/laravel/framework/src/Illuminate/Database/Connectors/ConnectionFactory.php(50): Illuminate\\Database\\Connectors\\ConnectionFactory->createSingleConnection()
#12 /home/admin123/untitled/vendor/laravel/framework/src/Illuminate/Database/DatabaseManager.php(175): Illuminate\\Database\\Connectors\\ConnectionFactory->make()
#13 /home/admin123/untitled/vendor/laravel/framework/src/Illuminate/Database/DatabaseManager.php(101): Illuminate\\Database\\DatabaseManager->makeConnection()
#14 /home/admin123/untitled/vendor/laravel/framework/src/Illuminate/Database/Migrations/DatabaseMigrationRepository.php(226): Illuminate\\Database\\DatabaseManager->connection()
#15 /home/admin123/untitled/vendor/laravel/framework/src/Illuminate/Database/Migrations/DatabaseMigrationRepository.php(182): Illuminate\\Database\\Migrations\\DatabaseMigrationRepository->getConnection()
#16 /home/admin123/untitled/vendor/laravel/framework/src/Illuminate/Database/Migrations/Migrator.php(727): Illuminate\\Database\\Migrations\\DatabaseMigrationRepository->repositoryExists()
#17 /home/admin123/untitled/vendor/laravel/framework/src/Illuminate/Database/Console/Migrations/MigrateCommand.php(140): Illuminate\\Database\\Migrations\\Migrator->repositoryExists()
#18 /home/admin123/untitled/vendor/laravel/framework/src/Illuminate/Support/helpers.php(261): Illuminate\\Database\\Console\\Migrations\\MigrateCommand->Illuminate\\Database\\Console\\Migrations\\{closure}()
#19 /home/admin123/untitled/vendor/laravel/framework/src/Illuminate/Database/Console/Migrations/MigrateCommand.php(140): retry()
#20 /home/admin123/untitled/vendor/laravel/framework/src/Illuminate/Database/Console/Migrations/MigrateCommand.php(116): Illuminate\\Database\\Console\\Migrations\\MigrateCommand->repositoryExists()
#21 /home/admin123/untitled/vendor/laravel/framework/src/Illuminate/Database/Console/Migrations/MigrateCommand.php(84): Illuminate\\Database\\Console\\Migrations\\MigrateCommand->prepareDatabase()
#22 /home/admin123/untitled/vendor/laravel/framework/src/Illuminate/Database/Migrations/Migrator.php(641): Illuminate\\Database\\Console\\Migrations\\MigrateCommand->Illuminate\\Database\\Console\\Migrations\\{closure}()
#23 /home/admin123/untitled/vendor/laravel/framework/src/Illuminate/Database/Console/Migrations/MigrateCommand.php(83): Illuminate\\Database\\Migrations\\Migrator->usingConnection()
#24 /home/admin123/untitled/vendor/laravel/framework/src/Illuminate/Container/BoundMethod.php(36): Illuminate\\Database\\Console\\Migrations\\MigrateCommand->handle()
#25 /home/admin123/untitled/vendor/laravel/framework/src/Illuminate/Container/Util.php(41): Illuminate\\Container\\BoundMethod::Illuminate\\Container\\{closure}()
#26 /home/admin123/untitled/vendor/laravel/framework/src/Illuminate/Container/BoundMethod.php(93): Illuminate\\Container\\Util::unwrapIfClosure()
#27 /home/admin123/untitled/vendor/laravel/framework/src/Illuminate/Container/BoundMethod.php(35): Illuminate\\Container\\BoundMethod::callBoundMethod()
#28 /home/admin123/untitled/vendor/laravel/framework/src/Illuminate/Container/Container.php(662): Illuminate\\Container\\BoundMethod::call()
#29 /home/admin123/untitled/vendor/laravel/framework/src/Illuminate/Console/Command.php(211): Illuminate\\Container\\Container->call()
#30 /home/admin123/untitled/vendor/symfony/console/Command/Command.php(326): Illuminate\\Console\\Command->execute()
#31 /home/admin123/untitled/vendor/laravel/framework/src/Illuminate/Console/Command.php(180): Symfony\\Component\\Console\\Command\\Command->run()
#32 /home/admin123/untitled/vendor/symfony/console/Application.php(1088): Illuminate\\Console\\Command->run()
#33 /home/admin123/untitled/vendor/symfony/console/Application.php(324): Symfony\\Component\\Console\\Application->doRunCommand()
#34 /home/admin123/untitled/vendor/symfony/console/Application.php(175): Symfony\\Component\\Console\\Application->doRun()
#35 /home/admin123/untitled/vendor/laravel/framework/src/Illuminate/Foundation/Console/Kernel.php(201): Symfony\\Component\\Console\\Application->run()
#36 /home/admin123/untitled/artisan(14): Illuminate\\Foundation\\Console\\Kernel->handle()
#37 {main}
"} 
[2025-11-05 10:13:35] laravel.EMERGENCY: Unable to create configured logger. Using emergency logger. {"exception":"[object] (InvalidArgumentException(code: 0): Log [] is not defined. at /home/admin123/untitled/vendor/laravel/framework/src/Illuminate/Log/LogManager.php:212)
[stacktrace]
#0 /home/admin123/untitled/vendor/laravel/framework/src/Illuminate/Log/LogManager.php(137): Illuminate\\Log\\LogManager->resolve()
#1 /home/admin123/untitled/vendor/laravel/framework/src/Illuminate/Log/LogManager.php(124): Illuminate\\Log\\LogManager->get()
#2 /home/admin123/untitled/vendor/laravel/framework/src/Illuminate/Log/LogManager.php(681): Illuminate\\Log\\LogManager->driver()
#3 /home/admin123/untitled/vendor/laravel/framework/src/Illuminate/Foundation/Exceptions/Handler.php(317): Illuminate\\Log\\LogManager->error()
#4 /home/admin123/untitled/vendor/laravel/framework/src/Illuminate/Foundation/Exceptions/Handler.php(278): Illuminate\\Foundation\\Exceptions\\Handler->reportThrowable()
#5 /home/admin123/untitled/vendor/laravel/framework/src/Illuminate/Foundation/Console/Kernel.php(523): Illuminate\\Foundation\\Exceptions\\Handler->report()
#6 /home/admin123/untitled/vendor/laravel/framework/src/Illuminate/Foundation/Console/Kernel.php(203): Illuminate\\Foundation\\Console\\Kernel->reportException()
#7 /home/admin123/untitled/artisan(14): Illuminate\\Foundation\\Console\\Kernel->handle()
#8 {main}
"} 
[2025-11-05 10:13:35] laravel.ERROR: Database file at path [home/admin123/untitled/database/database.sqlite] does not exist. Ensure this is an absolute path to the database. (Connection: sqlite, SQL: PRAGMA foreign_keys = ON;) {"exception":"[object] (Illuminate\\Database\\QueryException(code: 0): Database file at path [home/admin123/untitled/database/database.sqlite] does not exist. Ensure this is an absolute path to the database. (Connection: sqlite, SQL: PRAGMA foreign_keys = ON;) at /home/admin123/untitled/vendor/laravel/framework/src/Illuminate/Database/Connection.php:829)
[stacktrace]
#0 /home/admin123/untitled/vendor/laravel/framework/src/Illuminate/Database/Connection.php(783): Illuminate\\Database\\Connection->runQueryCallback()
#1 /home/admin123/untitled/vendor/laravel/framework/src/Illuminate/Database/Connection.php(576): Illuminate\\Database\\Connection->run()
#2 /home/admin123/untitled/vendor/laravel/framework/src/Illuminate/Database/Schema/Builder.php(560): Illuminate\\Database\\Connection->statement()
#3 /home/admin123/untitled/vendor/laravel/framework/src/Illuminate/Database/SQLiteConnection.php(36): Illuminate\\Database\\Schema\\Builder->enableForeignKeyConstraints()
#4 /home/admin123/untitled/vendor/laravel/framework/src/Illuminate/Database/Connectors/ConnectionFactory.php(272): Illuminate\\Database\\SQLiteConnection->__construct()
#5 /home/admin123/untitled/vendor/laravel/framework/src/Illuminate/Database/Connectors/ConnectionFactory.php(75): Illuminate\\Database\\Connectors\\ConnectionFactory->createConnection()
#6 /home/admin123/untitled/vendor/laravel/framework/src/Illuminate/Database/Connectors/ConnectionFactory.php(50): Illuminate\\Database\\Connectors\\ConnectionFactory->createSingleConnection()
#7 /home/admin123/untitled/vendor/laravel/framework/src/Illuminate/Database/DatabaseManager.php(175): Illuminate\\Database\\Connectors\\ConnectionFactory->make()
#8 /home/admin123/untitled/vendor/laravel/framework/src/Illuminate/Database/DatabaseManager.php(101): Illuminate\\Database\\DatabaseManager->makeConnection()
#9 /home/admin123/untitled/vendor/laravel/framework/src/Illuminate/Database/Migrations/DatabaseMigrationRepository.php(226): Illuminate\\Database\\DatabaseManager->connection()
#10 /home/admin123/untitled/vendor/laravel/framework/src/Illuminate/Database/Migrations/DatabaseMigrationRepository.php(182): Illuminate\\Database\\Migrations\\DatabaseMigrationRepository->getConnection()
#11 /home/admin123/untitled/vendor/laravel/framework/src/Illuminate/Database/Migrations/Migrator.php(727): Illuminate\\Database\\Migrations\\DatabaseMigrationRepository->repositoryExists()
#12 /home/admin123/untitled/vendor/laravel/framework/src/Illuminate/Database/Console/Migrations/MigrateCommand.php(140): Illuminate\\Database\\Migrations\\Migrator->repositoryExists()
#13 /home/admin123/untitled/vendor/laravel/framework/src/Illuminate/Support/helpers.php(261): Illuminate\\Database\\Console\\Migrations\\MigrateCommand->Illuminate\\Database\\Console\\Migrations\\{closure}()
#14 /home/admin123/untitled/vendor/laravel/framework/src/Illuminate/Database/Console/Migrations/MigrateCommand.php(140): retry()
#15 /home/admin123/untitled/vendor/laravel/framework/src/Illuminate/Database/Console/Migrations/MigrateCommand.php(116): Illuminate\\Database\\Console\\Migrations\\MigrateCommand->repositoryExists()
#16 /home/admin123/untitled/vendor/laravel/framework/src/Illuminate/Database/Console/Migrations/MigrateCommand.php(84): Illuminate\\Database\\Console\\Migrations\\MigrateCommand->prepareDatabase()
#17 /home/admin123/untitled/vendor/laravel/framework/src/Illuminate/Database/Migrations/Migrator.php(641): Illuminate\\Database\\Console\\Migrations\\MigrateCommand->Illuminate\\Database\\Console\\Migrations\\{closure}()
#18 /home/admin123/untitled/vendor/laravel/framework/src/Illuminate/Database/Console/Migrations/MigrateCommand.php(83): Illuminate\\Database\\Migrations\\Migrator->usingConnection()
#19 /home/admin123/untitled/vendor/laravel/framework/src/Illuminate/Container/BoundMethod.php(36): Illuminate\\Database\\Console\\Migrations\\MigrateCommand->handle()
#20 /home/admin123/untitled/vendor/laravel/framework/src/Illuminate/Container/Util.php(41): Illuminate\\Container\\BoundMethod::Illuminate\\Container\\{closure}()
#21 /home/admin123/untitled/vendor/laravel/framework/src/Illuminate/Container/BoundMethod.php(93): Illuminate\\Container\\Util::unwrapIfClosure()
#22 /home/admin123/untitled/vendor/laravel/framework/src/Illuminate/Container/BoundMethod.php(35): Illuminate\\Container\\BoundMethod::callBoundMethod()
#23 /home/admin123/untitled/vendor/laravel/framework/src/Illuminate/Container/Container.php(662): Illuminate\\Container\\BoundMethod::call()
#24 /home/admin123/untitled/vendor/laravel/framework/src/Illuminate/Console/Command.php(211): Illuminate\\Container\\Container->call()
#25 /home/admin123/untitled/vendor/symfony/console/Command/Command.php(326): Illuminate\\Console\\Command->execute()
#26 /home/admin123/untitled/vendor/laravel/framework/src/Illuminate/Console/Command.php(180): Symfony\\Component\\Console\\Command\\Command->run()
#27 /home/admin123/untitled/vendor/symfony/console/Application.php(1088): Illuminate\\Console\\Command->run()
#28 /home/admin123/untitled/vendor/symfony/console/Application.php(324): Symfony\\Component\\Console\\Application->doRunCommand()
#29 /home/admin123/untitled/vendor/symfony/console/Application.php(175): Symfony\\Component\\Console\\Application->doRun()
#30 /home/admin123/untitled/vendor/laravel/framework/src/Illuminate/Foundation/Console/Kernel.php(201): Symfony\\Component\\Console\\Application->run()
#31 /home/admin123/untitled/artisan(14): Illuminate\\Foundation\\Console\\Kernel->handle()
#32 {main}

[previous exception] [object] (Illuminate\\Database\\SQLiteDatabaseDoesNotExistException(code: 0): Database file at path [home/admin123/untitled/database/database.sqlite] does not exist. Ensure this is an absolute path to the database. at /home/admin123/untitled/vendor/laravel/framework/src/Illuminate/Database/Connectors/SQLiteConnector.php:34)
[stacktrace]
#0 /home/admin123/untitled/vendor/laravel/framework/src/Illuminate/Database/Connectors/ConnectionFactory.php(221): Illuminate\\Database\\Connectors\\SQLiteConnector->connect()
#1 [internal function]: Illuminate\\Database\\Connectors\\ConnectionFactory->Illuminate\\Database\\Connectors\\{closure}()
#2 /home/admin123/untitled/vendor/laravel/framework/src/Illuminate/Database/Connection.php(1339): call_user_func()
#3 /home/admin123/untitled/vendor/laravel/framework/src/Illuminate/Database/Connection.php(581): Illuminate\\Database\\Connection->getPdo()
#4 /home/admin123/untitled/vendor/laravel/framework/src/Illuminate/Database/Connection.php(816): Illuminate\\Database\\Connection->Illuminate\\Database\\{closure}()
#5 /home/admin123/untitled/vendor/laravel/framework/src/Illuminate/Database/Connection.php(783): Illuminate\\Database\\Connection->runQueryCallback()
#6 /home/admin123/untitled/vendor/laravel/framework/src/Illuminate/Database/Connection.php(576): Illuminate\\Database\\Connection->run()
#7 /home/admin123/untitled/vendor/laravel/framework/src/Illuminate/Database/Schema/Builder.php(560): Illuminate\\Database\\Connection->statement()
#8 /home/admin123/untitled/vendor/laravel/framework/src/Illuminate/Database/SQLiteConnection.php(36): Illuminate\\Database\\Schema\\Builder->enableForeignKeyConstraints()
#9 /home/admin123/untitled/vendor/laravel/framework/src/Illuminate/Database/Connectors/ConnectionFactory.php(272): Illuminate\\Database\\SQLiteConnection->__construct()
#10 /home/admin123/untitled/vendor/laravel/framework/src/Illuminate/Database/Connectors/ConnectionFactory.php(75): Illuminate\\Database\\Connectors\\ConnectionFactory->createConnection()
#11 /home/admin123/untitled/vendor/laravel/framework/src/Illuminate/Database/Connectors/ConnectionFactory.php(50): Illuminate\\Database\\Connectors\\ConnectionFactory->createSingleConnection()
#12 /home/admin123/untitled/vendor/laravel/framework/src/Illuminate/Database/DatabaseManager.php(175): Illuminate\\Database\\Connectors\\ConnectionFactory->make()
#13 /home/admin123/untitled/vendor/laravel/framework/src/Illuminate/Database/DatabaseManager.php(101): Illuminate\\Database\\DatabaseManager->makeConnection()
#14 /home/admin123/untitled/vendor/laravel/framework/src/Illuminate/Database/Migrations/DatabaseMigrationRepository.php(226): Illuminate\\Database\\DatabaseManager->connection()
#15 /home/admin123/untitled/vendor/laravel/framework/src/Illuminate/Database/Migrations/DatabaseMigrationRepository.php(182): Illuminate\\Database\\Migrations\\DatabaseMigrationRepository->getConnection()
#16 /home/admin123/untitled/vendor/laravel/framework/src/Illuminate/Database/Migrations/Migrator.php(727): Illuminate\\Database\\Migrations\\DatabaseMigrationRepository->repositoryExists()
#17 /home/admin123/untitled/vendor/laravel/framework/src/Illuminate/Database/Console/Migrations/MigrateCommand.php(140): Illuminate\\Database\\Migrations\\Migrator->repositoryExists()
#18 /home/admin123/untitled/vendor/laravel/framework/src/Illuminate/Support/helpers.php(261): Illuminate\\Database\\Console\\Migrations\\MigrateCommand->Illuminate\\Database\\Console\\Migrations\\{closure}()
#19 /home/admin123/untitled/vendor/laravel/framework/src/Illuminate/Database/Console/Migrations/MigrateCommand.php(140): retry()
#20 /home/admin123/untitled/vendor/laravel/framework/src/Illuminate/Database/Console/Migrations/MigrateCommand.php(116): Illuminate\\Database\\Console\\Migrations\\MigrateCommand->repositoryExists()
#21 /home/admin123/untitled/vendor/laravel/framework/src/Illuminate/Database/Console/Migrations/MigrateCommand.php(84): Illuminate\\Database\\Console\\Migrations\\MigrateCommand->prepareDatabase()
#22 /home/admin123/untitled/vendor/laravel/framework/src/Illuminate/Database/Migrations/Migrator.php(641): Illuminate\\Database\\Console\\Migrations\\MigrateCommand->Illuminate\\Database\\Console\\Migrations\\{closure}()
#23 /home/admin123/untitled/vendor/laravel/framework/src/Illuminate/Database/Console/Migrations/MigrateCommand.php(83): Illuminate\\Database\\Migrations\\Migrator->usingConnection()
#24 /home/admin123/untitled/vendor/laravel/framework/src/Illuminate/Container/BoundMethod.php(36): Illuminate\\Database\\Console\\Migrations\\MigrateCommand->handle()
#25 /home/admin123/untitled/vendor/laravel/framework/src/Illuminate/Container/Util.php(41): Illuminate\\Container\\BoundMethod::Illuminate\\Container\\{closure}()
#26 /home/admin123/untitled/vendor/laravel/framework/src/Illuminate/Container/BoundMethod.php(93): Illuminate\\Container\\Util::unwrapIfClosure()
#27 /home/admin123/untitled/vendor/laravel/framework/src/Illuminate/Container/BoundMethod.php(35): Illuminate\\Container\\BoundMethod::callBoundMethod()
#28 /home/admin123/untitled/vendor/laravel/framework/src/Illuminate/Container/Container.php(662): Illuminate\\Container\\BoundMethod::call()
#29 /home/admin123/untitled/vendor/laravel/framework/src/Illuminate/Console/Command.php(211): Illuminate\\Container\\Container->call()
#30 /home/admin123/untitled/vendor/symfony/console/Command/Command.php(326): Illuminate\\Console\\Command->execute()
#31 /home/admin123/untitled/vendor/laravel/framework/src/Illuminate/Console/Command.php(180): Symfony\\Component\\Console\\Command\\Command->run()
#32 /home/admin123/untitled/vendor/symfony/console/Application.php(1088): Illuminate\\Console\\Command->run()
#33 /home/admin123/untitled/vendor/symfony/console/Application.php(324): Symfony\\Component\\Console\\Application->doRunCommand()
#34 /home/admin123/untitled/vendor/symfony/console/Application.php(175): Symfony\\Component\\Console\\Application->doRun()
#35 /home/admin123/untitled/vendor/laravel/framework/src/Illuminate/Foundation/Console/Kernel.php(201): Symfony\\Component\\Console\\Application->run()
#36 /home/admin123/untitled/artisan(14): Illuminate\\Foundation\\Console\\Kernel->handle()
#37 {main}
"} 
[2025-11-05 10:13:42] laravel.EMERGENCY: Unable to create configured logger. Using emergency logger. {"exception":"[object] (InvalidArgumentException(code: 0): Log [] is not defined. at /home/admin123/untitled/vendor/laravel/framework/src/Illuminate/Log/LogManager.php:212)
[stacktrace]
#0 /home/admin123/untitled/vendor/laravel/framework/src/Illuminate/Log/LogManager.php(137): Illuminate\\Log\\LogManager->resolve()
#1 /home/admin123/untitled/vendor/laravel/framework/src/Illuminate/Log/LogManager.php(124): Illuminate\\Log\\LogManager->get()
#2 /home/admin123/untitled/vendor/laravel/framework/src/Illuminate/Log/LogManager.php(681): Illuminate\\Log\\LogManager->driver()
#3 /home/admin123/untitled/vendor/laravel/framework/src/Illuminate/Foundation/Exceptions/Handler.php(317): Illuminate\\Log\\LogManager->error()
#4 /home/admin123/untitled/vendor/laravel/framework/src/Illuminate/Foundation/Exceptions/Handler.php(278): Illuminate\\Foundation\\Exceptions\\Handler->reportThrowable()
#5 /home/admin123/untitled/vendor/laravel/framework/src/Illuminate/Foundation/Console/Kernel.php(523): Illuminate\\Foundation\\Exceptions\\Handler->report()
#6 /home/admin123/untitled/vendor/laravel/framework/src/Illuminate/Foundation/Console/Kernel.php(203): Illuminate\\Foundation\\Console\\Kernel->reportException()
#7 /home/admin123/untitled/artisan(14): Illuminate\\Foundation\\Console\\Kernel->handle()
#8 {main}
"} 
[2025-11-05 10:13:42] laravel.ERROR: Class "DOMDocument" not found {"exception":"[object] (Error(code: 0): Class \"DOMDocument\" not found at /home/admin123/untitled/vendor/nunomaduro/termwind/src/HtmlRenderer.php:32)
[stacktrace]
#0 /home/admin123/untitled/vendor/nunomaduro/termwind/src/HtmlRenderer.php(24): Termwind\\HtmlRenderer->parse()
#1 /home/admin123/untitled/vendor/nunomaduro/termwind/src/Functions.php(41): Termwind\\HtmlRenderer->render()
#2 /home/admin123/untitled/vendor/laravel/framework/src/Illuminate/Console/View/Components/Component.php(52): Termwind\\render()
#3 /home/admin123/untitled/vendor/laravel/framework/src/Illuminate/Console/View/Components/Line.php(49): Illuminate\\Console\\View\\Components\\Component->renderView()
#4 /home/admin123/untitled/vendor/laravel/framework/src/Illuminate/Console/View/Components/Info.php(18): Illuminate\\Console\\View\\Components\\Line->render()
#5 /home/admin123/untitled/vendor/laravel/framework/src/Illuminate/Console/View/Components/Factory.php(58): Illuminate\\Console\\View\\Components\\Info->render()
#6 /home/admin123/untitled/vendor/laravel/framework/src/Illuminate/Foundation/Console/ConfigClearCommand.php(55): Illuminate\\Console\\View\\Components\\Factory->__call()
#7 /home/admin123/untitled/vendor/laravel/framework/src/Illuminate/Container/BoundMethod.php(36): Illuminate\\Foundation\\Console\\ConfigClearCommand->handle()
#8 /home/admin123/untitled/vendor/laravel/framework/src/Illuminate/Container/Util.php(41): Illuminate\\Container\\BoundMethod::Illuminate\\Container\\{closure}()
#9 /home/admin123/untitled/vendor/laravel/framework/src/Illuminate/Container/BoundMethod.php(93): Illuminate\\Container\\Util::unwrapIfClosure()
#10 /home/admin123/untitled/vendor/laravel/framework/src/Illuminate/Container/BoundMethod.php(35): Illuminate\\Container\\BoundMethod::callBoundMethod()
#11 /home/admin123/untitled/vendor/laravel/framework/src/Illuminate/Container/Container.php(662): Illuminate\\Container\\BoundMethod::call()
#12 /home/admin123/untitled/vendor/laravel/framework/src/Illuminate/Console/Command.php(211): Illuminate\\Container\\Container->call()
#13 /home/admin123/untitled/vendor/symfony/console/Command/Command.php(326): Illuminate\\Console\\Command->execute()
#14 /home/admin123/untitled/vendor/laravel/framework/src/Illuminate/Console/Command.php(180): Symfony\\Component\\Console\\Command\\Command->run()
#15 /home/admin123/untitled/vendor/symfony/console/Application.php(1088): Illuminate\\Console\\Command->run()
#16 /home/admin123/untitled/vendor/symfony/console/Application.php(324): Symfony\\Component\\Console\\Application->doRunCommand()
#17 /home/admin123/untitled/vendor/symfony/console/Application.php(175): Symfony\\Component\\Console\\Application->doRun()
#18 /home/admin123/untitled/vendor/laravel/framework/src/Illuminate/Foundation/Console/Kernel.php(201): Symfony\\Component\\Console\\Application->run()
#19 /home/admin123/untitled/artisan(14): Illuminate\\Foundation\\Console\\Kernel->handle()
#20 {main}
"} 
[2025-11-05 10:13:47] laravel.EMERGENCY: Unable to create configured logger. Using emergency logger. {"exception":"[object] (InvalidArgumentException(code: 0): Log [] is not defined. at /home/admin123/untitled/vendor/laravel/framework/src/Illuminate/Log/LogManager.php:212)
[stacktrace]
#0 /home/admin123/untitled/vendor/laravel/framework/src/Illuminate/Log/LogManager.php(137): Illuminate\\Log\\LogManager->resolve()
#1 /home/admin123/untitled/vendor/laravel/framework/src/Illuminate/Log/LogManager.php(124): Illuminate\\Log\\LogManager->get()
#2 /home/admin123/untitled/vendor/laravel/framework/src/Illuminate/Log/LogManager.php(681): Illuminate\\Log\\LogManager->driver()
#3 /home/admin123/untitled/vendor/laravel/framework/src/Illuminate/Foundation/Exceptions/Handler.php(317): Illuminate\\Log\\LogManager->error()
#4 /home/admin123/untitled/vendor/laravel/framework/src/Illuminate/Foundation/Exceptions/Handler.php(278): Illuminate\\Foundation\\Exceptions\\Handler->reportThrowable()
#5 /home/admin123/untitled/vendor/laravel/framework/src/Illuminate/Foundation/Console/Kernel.php(523): Illuminate\\Foundation\\Exceptions\\Handler->report()
#6 /home/admin123/untitled/vendor/laravel/framework/src/Illuminate/Foundation/Console/Kernel.php(203): Illuminate\\Foundation\\Console\\Kernel->reportException()
#7 /home/admin123/untitled/artisan(14): Illuminate\\Foundation\\Console\\Kernel->handle()
#8 {main}
"} 
[2025-11-05 10:13:47] laravel.ERROR: Class "DOMDocument" not found {"exception":"[object] (Error(code: 0): Class \"DOMDocument\" not found at /home/admin123/untitled/vendor/nunomaduro/termwind/src/HtmlRenderer.php:32)
[stacktrace]
#0 /home/admin123/untitled/vendor/nunomaduro/termwind/src/HtmlRenderer.php(24): Termwind\\HtmlRenderer->parse()
#1 /home/admin123/untitled/vendor/nunomaduro/termwind/src/Functions.php(41): Termwind\\HtmlRenderer->render()
#2 /home/admin123/untitled/vendor/laravel/framework/src/Illuminate/Console/View/Components/Component.php(52): Termwind\\render()
#3 /home/admin123/untitled/vendor/laravel/framework/src/Illuminate/Console/View/Components/Line.php(49): Illuminate\\Console\\View\\Components\\Component->renderView()
#4 /home/admin123/untitled/vendor/laravel/framework/src/Illuminate/Console/View/Components/Info.php(18): Illuminate\\Console\\View\\Components\\Line->render()
#5 /home/admin123/untitled/vendor/laravel/framework/src/Illuminate/Console/View/Components/Factory.php(58): Illuminate\\Console\\View\\Components\\Info->render()
#6 /home/admin123/untitled/vendor/laravel/framework/src/Illuminate/Foundation/Console/ConfigClearCommand.php(55): Illuminate\\Console\\View\\Components\\Factory->__call()
#7 /home/admin123/untitled/vendor/laravel/framework/src/Illuminate/Container/BoundMethod.php(36): Illuminate\\Foundation\\Console\\ConfigClearCommand->handle()
#8 /home/admin123/untitled/vendor/laravel/framework/src/Illuminate/Container/Util.php(41): Illuminate\\Container\\BoundMethod::Illuminate\\Container\\{closure}()
#9 /home/admin123/untitled/vendor/laravel/framework/src/Illuminate/Container/BoundMethod.php(93): Illuminate\\Container\\Util::unwrapIfClosure()
#10 /home/admin123/untitled/vendor/laravel/framework/src/Illuminate/Container/BoundMethod.php(35): Illuminate\\Container\\BoundMethod::callBoundMethod()
#11 /home/admin123/untitled/vendor/laravel/framework/src/Illuminate/Container/Container.php(662): Illuminate\\Container\\BoundMethod::call()
#12 /home/admin123/untitled/vendor/laravel/framework/src/Illuminate/Console/Command.php(211): Illuminate\\Container\\Container->call()
#13 /home/admin123/untitled/vendor/symfony/console/Command/Command.php(326): Illuminate\\Console\\Command->execute()
#14 /home/admin123/untitled/vendor/laravel/framework/src/Illuminate/Console/Command.php(180): Symfony\\Component\\Console\\Command\\Command->run()
#15 /home/admin123/untitled/vendor/symfony/console/Application.php(1088): Illuminate\\Console\\Command->run()
#16 /home/admin123/untitled/vendor/symfony/console/Application.php(324): Symfony\\Component\\Console\\Application->doRunCommand()
#17 /home/admin123/untitled/vendor/symfony/console/Application.php(175): Symfony\\Component\\Console\\Application->doRun()
#18 /home/admin123/untitled/vendor/laravel/framework/src/Illuminate/Foundation/Console/Kernel.php(201): Symfony\\Component\\Console\\Application->run()
#19 /home/admin123/untitled/artisan(14): Illuminate\\Foundation\\Console\\Kernel->handle()
#20 {main}
"} 
[2025-11-05 10:16:32] laravel.EMERGENCY: Unable to create configured logger. Using emergency logger. {"exception":"[object] (InvalidArgumentException(code: 0): Log [] is not defined. at /home/admin123/untitled/vendor/laravel/framework/src/Illuminate/Log/LogManager.php:212)
[stacktrace]
#0 /home/admin123/untitled/vendor/laravel/framework/src/Illuminate/Log/LogManager.php(137): Illuminate\\Log\\LogManager->resolve()
#1 /home/admin123/untitled/vendor/laravel/framework/src/Illuminate/Log/LogManager.php(124): Illuminate\\Log\\LogManager->get()
#2 /home/admin123/untitled/vendor/laravel/framework/src/Illuminate/Log/LogManager.php(681): Illuminate\\Log\\LogManager->driver()
#3 /home/admin123/untitled/vendor/laravel/framework/src/Illuminate/Foundation/Exceptions/Handler.php(317): Illuminate\\Log\\LogManager->error()
#4 /home/admin123/untitled/vendor/laravel/framework/src/Illuminate/Foundation/Exceptions/Handler.php(278): Illuminate\\Foundation\\Exceptions\\Handler->reportThrowable()
#5 /home/admin123/untitled/vendor/laravel/framework/src/Illuminate/Routing/Pipeline.php(49): Illuminate\\Foundation\\Exceptions\\Handler->report()
#6 /home/admin123/untitled/vendor/laravel/framework/src/Illuminate/Pipeline/Pipeline.php(146): Illuminate\\Routing\\Pipeline->handleException()
#7 /home/admin123/untitled/vendor/laravel/framework/src/Illuminate/Foundation/Http/Middleware/TransformsRequest.php(21): Illuminate\\Pipeline\\Pipeline->Illuminate\\Pipeline\\{closure}()
#8 /home/admin123/untitled/vendor/laravel/framework/src/Illuminate/Foundation/Http/Middleware/ConvertEmptyStringsToNull.php(31): Illuminate\\Foundation\\Http\\Middleware\\TransformsRequest->handle()
#9 /home/admin123/untitled/vendor/laravel/framework/src/Illuminate/Pipeline/Pipeline.php(183): Illuminate\\Foundation\\Http\\Middleware\\ConvertEmptyStringsToNull->handle()
#10 /home/admin123/untitled/vendor/laravel/framework/src/Illuminate/Foundation/Http/Middleware/TransformsRequest.php(21): Illuminate\\Pipeline\\Pipeline->Illuminate\\Pipeline\\{closure}()
#11 /home/admin123/untitled/vendor/laravel/framework/src/Illuminate/Foundation/Http/Middleware/TrimStrings.php(40): Illuminate\\Foundation\\Http\\Middleware\\TransformsRequest->handle()
#12 /home/admin123/untitled/vendor/laravel/framework/src/Illuminate/Pipeline/Pipeline.php(183): Illuminate\\Foundation\\Http\\Middleware\\TrimStrings->handle()
#13 /home/admin123/untitled/vendor/laravel/framework/src/Illuminate/Foundation/Http/Middleware/ValidatePostSize.php(27): Illuminate\\Pipeline\\Pipeline->Illuminate\\Pipeline\\{closure}()
#14 /home/admin123/untitled/vendor/laravel/framework/src/Illuminate/Pipeline/Pipeline.php(183): Illuminate\\Foundation\\Http\\Middleware\\ValidatePostSize->handle()
#15 /home/admin123/untitled/vendor/laravel/framework/src/Illuminate/Foundation/Http/Middleware/PreventRequestsDuringMaintenance.php(99): Illuminate\\Pipeline\\Pipeline->Illuminate\\Pipeline\\{closure}()
#16 /home/admin123/untitled/vendor/laravel/framework/src/Illuminate/Pipeline/Pipeline.php(183): Illuminate\\Foundation\\Http\\Middleware\\PreventRequestsDuringMaintenance->handle()
#17 /home/admin123/untitled/vendor/laravel/framework/src/Illuminate/Http/Middleware/HandleCors.php(49): Illuminate\\Pipeline\\Pipeline->Illuminate\\Pipeline\\{closure}()
#18 /home/admin123/untitled/vendor/laravel/framework/src/Illuminate/Pipeline/Pipeline.php(183): Illuminate\\Http\\Middleware\\HandleCors->handle()
#19 /home/admin123/untitled/vendor/laravel/framework/src/Illuminate/Http/Middleware/TrustProxies.php(39): Illuminate\\Pipeline\\Pipeline->Illuminate\\Pipeline\\{closure}()
#20 /home/admin123/untitled/vendor/laravel/framework/src/Illuminate/Pipeline/Pipeline.php(183): Illuminate\\Http\\Middleware\\TrustProxies->handle()
#21 /home/admin123/untitled/vendor/laravel/framework/src/Illuminate/Pipeline/Pipeline.php(119): Illuminate\\Pipeline\\Pipeline->Illuminate\\Pipeline\\{closure}()
#22 /home/admin123/untitled/vendor/laravel/framework/src/Illuminate/Foundation/Http/Kernel.php(175): Illuminate\\Pipeline\\Pipeline->then()
#23 /home/admin123/untitled/vendor/laravel/framework/src/Illuminate/Foundation/Http/Kernel.php(144): Illuminate\\Foundation\\Http\\Kernel->sendRequestThroughRouter()
#24 /home/admin123/untitled/public/index.php(30): Illuminate\\Foundation\\Http\\Kernel->handle()
#25 /home/admin123/untitled/vendor/laravel/framework/src/Illuminate/Foundation/resources/server.php(16): require_once('...')
#26 {main}
"} 
[2025-11-05 10:16:32] laravel.ERROR: Class "App\Http\Controllers\Controller" not found {"exception":"[object] (Error(code: 0): Class \"App\\Http\\Controllers\\Controller\" not found at /home/admin123/untitled/app/Http/Controllers/TaskController.php:8)
[stacktrace]
#0 /home/admin123/untitled/vendor/composer/ClassLoader.php(576): include()
#1 /home/admin123/untitled/vendor/composer/ClassLoader.php(427): Composer\\Autoload\\{closure}()
#2 [internal function]: Composer\\Autoload\\ClassLoader->loadClass()
#3 /home/admin123/untitled/vendor/laravel/framework/src/Illuminate/Routing/Route.php(1096): is_a()
#4 /home/admin123/untitled/vendor/laravel/framework/src/Illuminate/Routing/Route.php(1035): Illuminate\\Routing\\Route->controllerMiddleware()
#5 /home/admin123/untitled/vendor/laravel/framework/src/Illuminate/Routing/Router.php(818): Illuminate\\Routing\\Route->gatherMiddleware()
#6 /home/admin123/untitled/vendor/laravel/framework/src/Illuminate/Routing/Router.php(800): Illuminate\\Routing\\Router->gatherRouteMiddleware()
#7 /home/admin123/untitled/vendor/laravel/framework/src/Illuminate/Routing/Router.php(784): Illuminate\\Routing\\Router->runRouteWithinStack()
#8 /home/admin123/untitled/vendor/laravel/framework/src/Illuminate/Routing/Router.php(748): Illuminate\\Routing\\Router->runRoute()
#9 /home/admin123/untitled/vendor/laravel/framework/src/Illuminate/Routing/Router.php(737): Illuminate\\Routing\\Router->dispatchToRoute()
#10 /home/admin123/untitled/vendor/laravel/framework/src/Illuminate/Foundation/Http/Kernel.php(200): Illuminate\\Routing\\Router->dispatch()
#11 /home/admin123/untitled/vendor/laravel/framework/src/Illuminate/Pipeline/Pipeline.php(144): Illuminate\\Foundation\\Http\\Kernel->Illuminate\\Foundation\\Http\\{closure}()
#12 /home/admin123/untitled/vendor/laravel/framework/src/Illuminate/Foundation/Http/Middleware/TransformsRequest.php(21): Illuminate\\Pipeline\\Pipeline->Illuminate\\Pipeline\\{closure}()
#13 /home/admin123/untitled/vendor/laravel/framework/src/Illuminate/Foundation/Http/Middleware/ConvertEmptyStringsToNull.php(31): Illuminate\\Foundation\\Http\\Middleware\\TransformsRequest->handle()
#14 /home/admin123/untitled/vendor/laravel/framework/src/Illuminate/Pipeline/Pipeline.php(183): Illuminate\\Foundation\\Http\\Middleware\\ConvertEmptyStringsToNull->handle()
#15 /home/admin123/untitled/vendor/laravel/framework/src/Illuminate/Foundation/Http/Middleware/TransformsRequest.php(21): Illuminate\\Pipeline\\Pipeline->Illuminate\\Pipeline\\{closure}()
#16 /home/admin123/untitled/vendor/laravel/framework/src/Illuminate/Foundation/Http/Middleware/TrimStrings.php(40): Illuminate\\Foundation\\Http\\Middleware\\TransformsRequest->handle()
#17 /home/admin123/untitled/vendor/laravel/framework/src/Illuminate/Pipeline/Pipeline.php(183): Illuminate\\Foundation\\Http\\Middleware\\TrimStrings->handle()
#18 /home/admin123/untitled/vendor/laravel/framework/src/Illuminate/Foundation/Http/Middleware/ValidatePostSize.php(27): Illuminate\\Pipeline\\Pipeline->Illuminate\\Pipeline\\{closure}()
#19 /home/admin123/untitled/vendor/laravel/framework/src/Illuminate/Pipeline/Pipeline.php(183): Illuminate\\Foundation\\Http\\Middleware\\ValidatePostSize->handle()
#20 /home/admin123/untitled/vendor/laravel/framework/src/Illuminate/Foundation/Http/Middleware/PreventRequestsDuringMaintenance.php(99): Illuminate\\Pipeline\\Pipeline->Illuminate\\Pipeline\\{closure}()
#21 /home/admin123/untitled/vendor/laravel/framework/src/Illuminate/Pipeline/Pipeline.php(183): Illuminate\\Foundation\\Http\\Middleware\\PreventRequestsDuringMaintenance->handle()
#22 /home/admin123/untitled/vendor/laravel/framework/src/Illuminate/Http/Middleware/HandleCors.php(49): Illuminate\\Pipeline\\Pipeline->Illuminate\\Pipeline\\{closure}()
#23 /home/admin123/untitled/vendor/laravel/framework/src/Illuminate/Pipeline/Pipeline.php(183): Illuminate\\Http\\Middleware\\HandleCors->handle()
#24 /home/admin123/untitled/vendor/laravel/framework/src/Illuminate/Http/Middleware/TrustProxies.php(39): Illuminate\\Pipeline\\Pipeline->Illuminate\\Pipeline\\{closure}()
#25 /home/admin123/untitled/vendor/laravel/framework/src/Illuminate/Pipeline/Pipeline.php(183): Illuminate\\Http\\Middleware\\TrustProxies->handle()
#26 /home/admin123/untitled/vendor/laravel/framework/src/Illuminate/Pipeline/Pipeline.php(119): Illuminate\\Pipeline\\Pipeline->Illuminate\\Pipeline\\{closure}()
#27 /home/admin123/untitled/vendor/laravel/framework/src/Illuminate/Foundation/Http/Kernel.php(175): Illuminate\\Pipeline\\Pipeline->then()
#28 /home/admin123/untitled/vendor/laravel/framework/src/Illuminate/Foundation/Http/Kernel.php(144): Illuminate\\Foundation\\Http\\Kernel->sendRequestThroughRouter()
#29 /home/admin123/untitled/public/index.php(30): Illuminate\\Foundation\\Http\\Kernel->handle()
#30 /home/admin123/untitled/vendor/laravel/framework/src/Illuminate/Foundation/resources/server.php(16): require_once('...')
#31 {main}
"} 
[2025-11-05 10:16:32] laravel.EMERGENCY: Unable to create configured logger. Using emergency logger. {"exception":"[object] (InvalidArgumentException(code: 0): Log [] is not defined. at /home/admin123/untitled/vendor/laravel/framework/src/Illuminate/Log/LogManager.php:212)
[stacktrace]
#0 /home/admin123/untitled/vendor/laravel/framework/src/Illuminate/Log/LogManager.php(137): Illuminate\\Log\\LogManager->resolve()
#1 /home/admin123/untitled/vendor/laravel/framework/src/Illuminate/Log/LogManager.php(124): Illuminate\\Log\\LogManager->get()
#2 /home/admin123/untitled/vendor/laravel/framework/src/Illuminate/Log/LogManager.php(681): Illuminate\\Log\\LogManager->driver()
#3 /home/admin123/untitled/vendor/laravel/framework/src/Illuminate/Foundation/Exceptions/Handler.php(317): Illuminate\\Log\\LogManager->error()
#4 /home/admin123/untitled/vendor/laravel/framework/src/Illuminate/Foundation/Exceptions/Handler.php(278): Illuminate\\Foundation\\Exceptions\\Handler->reportThrowable()
#5 /home/admin123/untitled/vendor/laravel/framework/src/Illuminate/Routing/Pipeline.php(49): Illuminate\\Foundation\\Exceptions\\Handler->report()
#6 /home/admin123/untitled/vendor/laravel/framework/src/Illuminate/Pipeline/Pipeline.php(188): Illuminate\\Routing\\Pipeline->handleException()
#7 /home/admin123/untitled/vendor/laravel/framework/src/Illuminate/Foundation/Http/Middleware/TransformsRequest.php(21): Illuminate\\Pipeline\\Pipeline->Illuminate\\Pipeline\\{closure}()
#8 /home/admin123/untitled/vendor/laravel/framework/src/Illuminate/Foundation/Http/Middleware/TrimStrings.php(40): Illuminate\\Foundation\\Http\\Middleware\\TransformsRequest->handle()
#9 /home/admin123/untitled/vendor/laravel/framework/src/Illuminate/Pipeline/Pipeline.php(183): Illuminate\\Foundation\\Http\\Middleware\\TrimStrings->handle()
#10 /home/admin123/untitled/vendor/laravel/framework/src/Illuminate/Foundation/Http/Middleware/ValidatePostSize.php(27): Illuminate\\Pipeline\\Pipeline->Illuminate\\Pipeline\\{closure}()
#11 /home/admin123/untitled/vendor/laravel/framework/src/Illuminate/Pipeline/Pipeline.php(183): Illuminate\\Foundation\\Http\\Middleware\\ValidatePostSize->handle()
#12 /home/admin123/untitled/vendor/laravel/framework/src/Illuminate/Foundation/Http/Middleware/PreventRequestsDuringMaintenance.php(99): Illuminate\\Pipeline\\Pipeline->Illuminate\\Pipeline\\{closure}()
#13 /home/admin123/untitled/vendor/laravel/framework/src/Illuminate/Pipeline/Pipeline.php(183): Illuminate\\Foundation\\Http\\Middleware\\PreventRequestsDuringMaintenance->handle()
#14 /home/admin123/untitled/vendor/laravel/framework/src/Illuminate/Http/Middleware/HandleCors.php(49): Illuminate\\Pipeline\\Pipeline->Illuminate\\Pipeline\\{closure}()
#15 /home/admin123/untitled/vendor/laravel/framework/src/Illuminate/Pipeline/Pipeline.php(183): Illuminate\\Http\\Middleware\\HandleCors->handle()
#16 /home/admin123/untitled/vendor/laravel/framework/src/Illuminate/Http/Middleware/TrustProxies.php(39): Illuminate\\Pipeline\\Pipeline->Illuminate\\Pipeline\\{closure}()
#17 /home/admin123/untitled/vendor/laravel/framework/src/Illuminate/Pipeline/Pipeline.php(183): Illuminate\\Http\\Middleware\\TrustProxies->handle()
#18 /home/admin123/untitled/vendor/laravel/framework/src/Illuminate/Pipeline/Pipeline.php(119): Illuminate\\Pipeline\\Pipeline->Illuminate\\Pipeline\\{closure}()
#19 /home/admin123/untitled/vendor/laravel/framework/src/Illuminate/Foundation/Http/Kernel.php(175): Illuminate\\Pipeline\\Pipeline->then()
#20 /home/admin123/untitled/vendor/laravel/framework/src/Illuminate/Foundation/Http/Kernel.php(144): Illuminate\\Foundation\\Http\\Kernel->sendRequestThroughRouter()
#21 /home/admin123/untitled/public/index.php(30): Illuminate\\Foundation\\Http\\Kernel->handle()
#22 /home/admin123/untitled/vendor/laravel/framework/src/Illuminate/Foundation/resources/server.php(16): require_once('...')
#23 {main}
"} 
[2025-11-05 10:16:32] laravel.ERROR: Illuminate\View\FileViewFinder::__construct(): Argument #2 ($paths) must be of type array, null given, called in /home/admin123/untitled/vendor/laravel/framework/src/Illuminate/View/ViewServiceProvider.php on line 85 {"exception":"[object] (TypeError(code: 0): Illuminate\\View\\FileViewFinder::__construct(): Argument #2 ($paths) must be of type array, null given, called in /home/admin123/untitled/vendor/laravel/framework/src/Illuminate/View/ViewServiceProvider.php on line 85 at /home/admin123/untitled/vendor/laravel/framework/src/Illuminate/View/FileViewFinder.php:53)
[stacktrace]
#0 /home/admin123/untitled/vendor/laravel/framework/src/Illuminate/View/ViewServiceProvider.php(85): Illuminate\\View\\FileViewFinder->__construct()
#1 /home/admin123/untitled/vendor/laravel/framework/src/Illuminate/Container/Container.php(908): Illuminate\\View\\ViewServiceProvider->Illuminate\\View\\{closure}()
#2 /home/admin123/untitled/vendor/laravel/framework/src/Illuminate/Container/Container.php(795): Illuminate\\Container\\Container->build()
#3 /home/admin123/untitled/vendor/laravel/framework/src/Illuminate/Foundation/Application.php(986): Illuminate\\Container\\Container->resolve()
#4 /home/admin123/untitled/vendor/laravel/framework/src/Illuminate/Container/Container.php(731): Illuminate\\Foundation\\Application->resolve()
#5 /home/admin123/untitled/vendor/laravel/framework/src/Illuminate/Foundation/Application.php(971): Illuminate\\Container\\Container->make()
#6 /home/admin123/untitled/vendor/laravel/framework/src/Illuminate/Container/Container.php(1454): Illuminate\\Foundation\\Application->make()
#7 /home/admin123/untitled/vendor/laravel/framework/src/Illuminate/View/ViewServiceProvider.php(45): Illuminate\\Container\\Container->offsetGet()
#8 /home/admin123/untitled/vendor/laravel/framework/src/Illuminate/Container/Container.php(908): Illuminate\\View\\ViewServiceProvider->Illuminate\\View\\{closure}()
#9 /home/admin123/untitled/vendor/laravel/framework/src/Illuminate/Container/Container.php(795): Illuminate\\Container\\Container->build()
#10 /home/admin123/untitled/vendor/laravel/framework/src/Illuminate/Foundation/Application.php(986): Illuminate\\Container\\Container->resolve()
#11 /home/admin123/untitled/vendor/laravel/framework/src/Illuminate/Container/Container.php(731): Illuminate\\Foundation\\Application->resolve()
#12 /home/admin123/untitled/vendor/laravel/framework/src/Illuminate/Foundation/Application.php(971): Illuminate\\Container\\Container->make()
#13 /home/admin123/untitled/vendor/laravel/framework/src/Illuminate/Container/Container.php(1454): Illuminate\\Foundation\\Application->make()
#14 /home/admin123/untitled/vendor/laravel/framework/src/Illuminate/Support/Facades/Facade.php(237): Illuminate\\Container\\Container->offsetGet()
#15 /home/admin123/untitled/vendor/laravel/framework/src/Illuminate/Support/Facades/Facade.php(208): Illuminate\\Support\\Facades\\Facade::resolveFacadeInstance()
#16 /home/admin123/untitled/vendor/laravel/framework/src/Illuminate/Support/Facades/Facade.php(349): Illuminate\\Support\\Facades\\Facade::getFacadeRoot()
#17 /home/admin123/untitled/vendor/laravel/framework/src/Illuminate/Foundation/Exceptions/RegisterErrorViewPaths.php(16): Illuminate\\Support\\Facades\\Facade::__callStatic()
#18 /home/admin123/untitled/vendor/laravel/framework/src/Illuminate/Foundation/Exceptions/Handler.php(744): Illuminate\\Foundation\\Exceptions\\RegisterErrorViewPaths->__invoke()
#19 /home/admin123/untitled/vendor/laravel/framework/src/Illuminate/Foundation/Exceptions/Handler.php(719): Illuminate\\Foundation\\Exceptions\\Handler->registerErrorViewPaths()
#20 /home/admin123/untitled/vendor/laravel/framework/src/Illuminate/Foundation/Exceptions/Handler.php(650): Illuminate\\Foundation\\Exceptions\\Handler->renderHttpException()
#21 /home/admin123/untitled/vendor/laravel/framework/src/Illuminate/Foundation/Exceptions/Handler.php(556): Illuminate\\Foundation\\Exceptions\\Handler->prepareResponse()
#22 /home/admin123/untitled/vendor/laravel/framework/src/Illuminate/Foundation/Exceptions/Handler.php(473): Illuminate\\Foundation\\Exceptions\\Handler->renderExceptionResponse()
#23 /home/admin123/untitled/vendor/laravel/framework/src/Illuminate/Routing/Pipeline.php(51): Illuminate\\Foundation\\Exceptions\\Handler->render()
#24 /home/admin123/untitled/vendor/laravel/framework/src/Illuminate/Pipeline/Pipeline.php(146): Illuminate\\Routing\\Pipeline->handleException()
#25 /home/admin123/untitled/vendor/laravel/framework/src/Illuminate/Foundation/Http/Middleware/TransformsRequest.php(21): Illuminate\\Pipeline\\Pipeline->Illuminate\\Pipeline\\{closure}()
#26 /home/admin123/untitled/vendor/laravel/framework/src/Illuminate/Foundation/Http/Middleware/ConvertEmptyStringsToNull.php(31): Illuminate\\Foundation\\Http\\Middleware\\TransformsRequest->handle()
#27 /home/admin123/untitled/vendor/laravel/framework/src/Illuminate/Pipeline/Pipeline.php(183): Illuminate\\Foundation\\Http\\Middleware\\ConvertEmptyStringsToNull->handle()
#28 /home/admin123/untitled/vendor/laravel/framework/src/Illuminate/Foundation/Http/Middleware/TransformsRequest.php(21): Illuminate\\Pipeline\\Pipeline->Illuminate\\Pipeline\\{closure}()
#29 /home/admin123/untitled/vendor/laravel/framework/src/Illuminate/Foundation/Http/Middleware/TrimStrings.php(40): Illuminate\\Foundation\\Http\\Middleware\\TransformsRequest->handle()
#30 /home/admin123/untitled/vendor/laravel/framework/src/Illuminate/Pipeline/Pipeline.php(183): Illuminate\\Foundation\\Http\\Middleware\\TrimStrings->handle()
#31 /home/admin123/untitled/vendor/laravel/framework/src/Illuminate/Foundation/Http/Middleware/ValidatePostSize.php(27): Illuminate\\Pipeline\\Pipeline->Illuminate\\Pipeline\\{closure}()
#32 /home/admin123/untitled/vendor/laravel/framework/src/Illuminate/Pipeline/Pipeline.php(183): Illuminate\\Foundation\\Http\\Middleware\\ValidatePostSize->handle()
#33 /home/admin123/untitled/vendor/laravel/framework/src/Illuminate/Foundation/Http/Middleware/PreventRequestsDuringMaintenance.php(99): Illuminate\\Pipeline\\Pipeline->Illuminate\\Pipeline\\{closure}()
#34 /home/admin123/untitled/vendor/laravel/framework/src/Illuminate/Pipeline/Pipeline.php(183): Illuminate\\Foundation\\Http\\Middleware\\PreventRequestsDuringMaintenance->handle()
#35 /home/admin123/untitled/vendor/laravel/framework/src/Illuminate/Http/Middleware/HandleCors.php(49): Illuminate\\Pipeline\\Pipeline->Illuminate\\Pipeline\\{closure}()
#36 /home/admin123/untitled/vendor/laravel/framework/src/Illuminate/Pipeline/Pipeline.php(183): Illuminate\\Http\\Middleware\\HandleCors->handle()
#37 /home/admin123/untitled/vendor/laravel/framework/src/Illuminate/Http/Middleware/TrustProxies.php(39): Illuminate\\Pipeline\\Pipeline->Illuminate\\Pipeline\\{closure}()
#38 /home/admin123/untitled/vendor/laravel/framework/src/Illuminate/Pipeline/Pipeline.php(183): Illuminate\\Http\\Middleware\\TrustProxies->handle()
#39 /home/admin123/untitled/vendor/laravel/framework/src/Illuminate/Pipeline/Pipeline.php(119): Illuminate\\Pipeline\\Pipeline->Illuminate\\Pipeline\\{closure}()
#40 /home/admin123/untitled/vendor/laravel/framework/src/Illuminate/Foundation/Http/Kernel.php(175): Illuminate\\Pipeline\\Pipeline->then()
#41 /home/admin123/untitled/vendor/laravel/framework/src/Illuminate/Foundation/Http/Kernel.php(144): Illuminate\\Foundation\\Http\\Kernel->sendRequestThroughRouter()
#42 /home/admin123/untitled/public/index.php(30): Illuminate\\Foundation\\Http\\Kernel->handle()
#43 /home/admin123/untitled/vendor/laravel/framework/src/Illuminate/Foundation/resources/server.php(16): require_once('...')
#44 {main}
"} 
[2025-11-05 10:17:32] laravel.EMERGENCY: Unable to create configured logger. Using emergency logger. {"exception":"[object] (InvalidArgumentException(code: 0): Log [] is not defined. at /home/admin123/untitled/vendor/laravel/framework/src/Illuminate/Log/LogManager.php:212)
[stacktrace]
#0 /home/admin123/untitled/vendor/laravel/framework/src/Illuminate/Log/LogManager.php(137): Illuminate\\Log\\LogManager->resolve()
#1 /home/admin123/untitled/vendor/laravel/framework/src/Illuminate/Log/LogManager.php(124): Illuminate\\Log\\LogManager->get()
#2 /home/admin123/untitled/vendor/laravel/framework/src/Illuminate/Log/LogManager.php(681): Illuminate\\Log\\LogManager->driver()
#3 /home/admin123/untitled/vendor/laravel/framework/src/Illuminate/Foundation/Exceptions/Handler.php(317): Illuminate\\Log\\LogManager->error()
#4 /home/admin123/untitled/vendor/laravel/framework/src/Illuminate/Foundation/Exceptions/Handler.php(278): Illuminate\\Foundation\\Exceptions\\Handler->reportThrowable()
#5 /home/admin123/untitled/vendor/laravel/framework/src/Illuminate/Routing/Pipeline.php(49): Illuminate\\Foundation\\Exceptions\\Handler->report()
#6 /home/admin123/untitled/vendor/laravel/framework/src/Illuminate/Pipeline/Pipeline.php(188): Illuminate\\Routing\\Pipeline->handleException()
#7 /home/admin123/untitled/vendor/laravel/framework/src/Illuminate/Cookie/Middleware/EncryptCookies.php(67): Illuminate\\Pipeline\\Pipeline->Illuminate\\Pipeline\\{closure}()
#8 /home/admin123/untitled/vendor/laravel/framework/src/Illuminate/Pipeline/Pipeline.php(183): Illuminate\\Cookie\\Middleware\\EncryptCookies->handle()
#9 /home/admin123/untitled/vendor/laravel/framework/src/Illuminate/Pipeline/Pipeline.php(119): Illuminate\\Pipeline\\Pipeline->Illuminate\\Pipeline\\{closure}()
#10 /home/admin123/untitled/vendor/laravel/framework/src/Illuminate/Routing/Router.php(805): Illuminate\\Pipeline\\Pipeline->then()
#11 /home/admin123/untitled/vendor/laravel/framework/src/Illuminate/Routing/Router.php(784): Illuminate\\Routing\\Router->runRouteWithinStack()
#12 /home/admin123/untitled/vendor/laravel/framework/src/Illuminate/Routing/Router.php(748): Illuminate\\Routing\\Router->runRoute()
#13 /home/admin123/untitled/vendor/laravel/framework/src/Illuminate/Routing/Router.php(737): Illuminate\\Routing\\Router->dispatchToRoute()
#14 /home/admin123/untitled/vendor/laravel/framework/src/Illuminate/Foundation/Http/Kernel.php(200): Illuminate\\Routing\\Router->dispatch()
#15 /home/admin123/untitled/vendor/laravel/framework/src/Illuminate/Pipeline/Pipeline.php(144): Illuminate\\Foundation\\Http\\Kernel->Illuminate\\Foundation\\Http\\{closure}()
#16 /home/admin123/untitled/vendor/laravel/framework/src/Illuminate/Foundation/Http/Middleware/TransformsRequest.php(21): Illuminate\\Pipeline\\Pipeline->Illuminate\\Pipeline\\{closure}()
#17 /home/admin123/untitled/vendor/laravel/framework/src/Illuminate/Foundation/Http/Middleware/ConvertEmptyStringsToNull.php(31): Illuminate\\Foundation\\Http\\Middleware\\TransformsRequest->handle()
#18 /home/admin123/untitled/vendor/laravel/framework/src/Illuminate/Pipeline/Pipeline.php(183): Illuminate\\Foundation\\Http\\Middleware\\ConvertEmptyStringsToNull->handle()
#19 /home/admin123/untitled/vendor/laravel/framework/src/Illuminate/Foundation/Http/Middleware/TransformsRequest.php(21): Illuminate\\Pipeline\\Pipeline->Illuminate\\Pipeline\\{closure}()
#20 /home/admin123/untitled/vendor/laravel/framework/src/Illuminate/Foundation/Http/Middleware/TrimStrings.php(40): Illuminate\\Foundation\\Http\\Middleware\\TransformsRequest->handle()
#21 /home/admin123/untitled/vendor/laravel/framework/src/Illuminate/Pipeline/Pipeline.php(183): Illuminate\\Foundation\\Http\\Middleware\\TrimStrings->handle()
#22 /home/admin123/untitled/vendor/laravel/framework/src/Illuminate/Foundation/Http/Middleware/ValidatePostSize.php(27): Illuminate\\Pipeline\\Pipeline->Illuminate\\Pipeline\\{closure}()
#23 /home/admin123/untitled/vendor/laravel/framework/src/Illuminate/Pipeline/Pipeline.php(183): Illuminate\\Foundation\\Http\\Middleware\\ValidatePostSize->handle()
#24 /home/admin123/untitled/vendor/laravel/framework/src/Illuminate/Foundation/Http/Middleware/PreventRequestsDuringMaintenance.php(99): Illuminate\\Pipeline\\Pipeline->Illuminate\\Pipeline\\{closure}()
#25 /home/admin123/untitled/vendor/laravel/framework/src/Illuminate/Pipeline/Pipeline.php(183): Illuminate\\Foundation\\Http\\Middleware\\PreventRequestsDuringMaintenance->handle()
#26 /home/admin123/untitled/vendor/laravel/framework/src/Illuminate/Http/Middleware/HandleCors.php(49): Illuminate\\Pipeline\\Pipeline->Illuminate\\Pipeline\\{closure}()
#27 /home/admin123/untitled/vendor/laravel/framework/src/Illuminate/Pipeline/Pipeline.php(183): Illuminate\\Http\\Middleware\\HandleCors->handle()
#28 /home/admin123/untitled/vendor/laravel/framework/src/Illuminate/Http/Middleware/TrustProxies.php(39): Illuminate\\Pipeline\\Pipeline->Illuminate\\Pipeline\\{closure}()
#29 /home/admin123/untitled/vendor/laravel/framework/src/Illuminate/Pipeline/Pipeline.php(183): Illuminate\\Http\\Middleware\\TrustProxies->handle()
#30 /home/admin123/untitled/vendor/laravel/framework/src/Illuminate/Pipeline/Pipeline.php(119): Illuminate\\Pipeline\\Pipeline->Illuminate\\Pipeline\\{closure}()
#31 /home/admin123/untitled/vendor/laravel/framework/src/Illuminate/Foundation/Http/Kernel.php(175): Illuminate\\Pipeline\\Pipeline->then()
#32 /home/admin123/untitled/vendor/laravel/framework/src/Illuminate/Foundation/Http/Kernel.php(144): Illuminate\\Foundation\\Http\\Kernel->sendRequestThroughRouter()
#33 /home/admin123/untitled/public/index.php(30): Illuminate\\Foundation\\Http\\Kernel->handle()
#34 /home/admin123/untitled/vendor/laravel/framework/src/Illuminate/Foundation/resources/server.php(16): require_once('...')
#35 {main}
"} 
[2025-11-05 10:17:32] laravel.ERROR: Trying to access array offset on null {"exception":"[object] (ErrorException(code: 0): Trying to access array offset on null at /home/admin123/untitled/vendor/laravel/framework/src/Illuminate/Cookie/CookieServiceProvider.php:20)
[stacktrace]
#0 /home/admin123/untitled/vendor/laravel/framework/src/Illuminate/Foundation/Bootstrap/HandleExceptions.php(255): Illuminate\\Foundation\\Bootstrap\\HandleExceptions->handleError()
#1 /home/admin123/untitled/vendor/laravel/framework/src/Illuminate/Cookie/CookieServiceProvider.php(20): Illuminate\\Foundation\\Bootstrap\\HandleExceptions->Illuminate\\Foundation\\Bootstrap\\{closure}()
#2 /home/admin123/untitled/vendor/laravel/framework/src/Illuminate/Container/Container.php(908): Illuminate\\Cookie\\CookieServiceProvider->Illuminate\\Cookie\\{closure}()
#3 /home/admin123/untitled/vendor/laravel/framework/src/Illuminate/Container/Container.php(795): Illuminate\\Container\\Container->build()
#4 /home/admin123/untitled/vendor/laravel/framework/src/Illuminate/Foundation/Application.php(986): Illuminate\\Container\\Container->resolve()
#5 /home/admin123/untitled/vendor/laravel/framework/src/Illuminate/Container/Container.php(731): Illuminate\\Foundation\\Application->resolve()
#6 /home/admin123/untitled/vendor/laravel/framework/src/Illuminate/Foundation/Application.php(971): Illuminate\\Container\\Container->make()
#7 /home/admin123/untitled/vendor/laravel/framework/src/Illuminate/Container/Container.php(1066): Illuminate\\Foundation\\Application->make()
#8 /home/admin123/untitled/vendor/laravel/framework/src/Illuminate/Container/Container.php(982): Illuminate\\Container\\Container->resolveClass()
#9 /home/admin123/untitled/vendor/laravel/framework/src/Illuminate/Container/Container.php(943): Illuminate\\Container\\Container->resolveDependencies()
#10 /home/admin123/untitled/vendor/laravel/framework/src/Illuminate/Container/Container.php(795): Illuminate\\Container\\Container->build()
#11 /home/admin123/untitled/vendor/laravel/framework/src/Illuminate/Foundation/Application.php(986): Illuminate\\Container\\Container->resolve()
#12 /home/admin123/untitled/vendor/laravel/framework/src/Illuminate/Container/Container.php(731): Illuminate\\Foundation\\Application->resolve()
#13 /home/admin123/untitled/vendor/laravel/framework/src/Illuminate/Foundation/Application.php(971): Illuminate\\Container\\Container->make()
#14 /home/admin123/untitled/vendor/laravel/framework/src/Illuminate/Pipeline/Pipeline.php(172): Illuminate\\Foundation\\Application->make()
#15 /home/admin123/untitled/vendor/laravel/framework/src/Illuminate/Cookie/Middleware/EncryptCookies.php(67): Illuminate\\Pipeline\\Pipeline->Illuminate\\Pipeline\\{closure}()
#16 /home/admin123/untitled/vendor/laravel/framework/src/Illuminate/Pipeline/Pipeline.php(183): Illuminate\\Cookie\\Middleware\\EncryptCookies->handle()
#17 /home/admin123/untitled/vendor/laravel/framework/src/Illuminate/Pipeline/Pipeline.php(119): Illuminate\\Pipeline\\Pipeline->Illuminate\\Pipeline\\{closure}()
#18 /home/admin123/untitled/vendor/laravel/framework/src/Illuminate/Routing/Router.php(805): Illuminate\\Pipeline\\Pipeline->then()
#19 /home/admin123/untitled/vendor/laravel/framework/src/Illuminate/Routing/Router.php(784): Illuminate\\Routing\\Router->runRouteWithinStack()
#20 /home/admin123/untitled/vendor/laravel/framework/src/Illuminate/Routing/Router.php(748): Illuminate\\Routing\\Router->runRoute()
#21 /home/admin123/untitled/vendor/laravel/framework/src/Illuminate/Routing/Router.php(737): Illuminate\\Routing\\Router->dispatchToRoute()
#22 /home/admin123/untitled/vendor/laravel/framework/src/Illuminate/Foundation/Http/Kernel.php(200): Illuminate\\Routing\\Router->dispatch()
#23 /home/admin123/untitled/vendor/laravel/framework/src/Illuminate/Pipeline/Pipeline.php(144): Illuminate\\Foundation\\Http\\Kernel->Illuminate\\Foundation\\Http\\{closure}()
#24 /home/admin123/untitled/vendor/laravel/framework/src/Illuminate/Foundation/Http/Middleware/TransformsRequest.php(21): Illuminate\\Pipeline\\Pipeline->Illuminate\\Pipeline\\{closure}()
#25 /home/admin123/untitled/vendor/laravel/framework/src/Illuminate/Foundation/Http/Middleware/ConvertEmptyStringsToNull.php(31): Illuminate\\Foundation\\Http\\Middleware\\TransformsRequest->handle()
#26 /home/admin123/untitled/vendor/laravel/framework/src/Illuminate/Pipeline/Pipeline.php(183): Illuminate\\Foundation\\Http\\Middleware\\ConvertEmptyStringsToNull->handle()
#27 /home/admin123/untitled/vendor/laravel/framework/src/Illuminate/Foundation/Http/Middleware/TransformsRequest.php(21): Illuminate\\Pipeline\\Pipeline->Illuminate\\Pipeline\\{closure}()
#28 /home/admin123/untitled/vendor/laravel/framework/src/Illuminate/Foundation/Http/Middleware/TrimStrings.php(40): Illuminate\\Foundation\\Http\\Middleware\\TransformsRequest->handle()
#29 /home/admin123/untitled/vendor/laravel/framework/src/Illuminate/Pipeline/Pipeline.php(183): Illuminate\\Foundation\\Http\\Middleware\\TrimStrings->handle()
#30 /home/admin123/untitled/vendor/laravel/framework/src/Illuminate/Foundation/Http/Middleware/ValidatePostSize.php(27): Illuminate\\Pipeline\\Pipeline->Illuminate\\Pipeline\\{closure}()
#31 /home/admin123/untitled/vendor/laravel/framework/src/Illuminate/Pipeline/Pipeline.php(183): Illuminate\\Foundation\\Http\\Middleware\\ValidatePostSize->handle()
#32 /home/admin123/untitled/vendor/laravel/framework/src/Illuminate/Foundation/Http/Middleware/PreventRequestsDuringMaintenance.php(99): Illuminate\\Pipeline\\Pipeline->Illuminate\\Pipeline\\{closure}()
#33 /home/admin123/untitled/vendor/laravel/framework/src/Illuminate/Pipeline/Pipeline.php(183): Illuminate\\Foundation\\Http\\Middleware\\PreventRequestsDuringMaintenance->handle()
#34 /home/admin123/untitled/vendor/laravel/framework/src/Illuminate/Http/Middleware/HandleCors.php(49): Illuminate\\Pipeline\\Pipeline->Illuminate\\Pipeline\\{closure}()
#35 /home/admin123/untitled/vendor/laravel/framework/src/Illuminate/Pipeline/Pipeline.php(183): Illuminate\\Http\\Middleware\\HandleCors->handle()
#36 /home/admin123/untitled/vendor/laravel/framework/src/Illuminate/Http/Middleware/TrustProxies.php(39): Illuminate\\Pipeline\\Pipeline->Illuminate\\Pipeline\\{closure}()
#37 /home/admin123/untitled/vendor/laravel/framework/src/Illuminate/Pipeline/Pipeline.php(183): Illuminate\\Http\\Middleware\\TrustProxies->handle()
#38 /home/admin123/untitled/vendor/laravel/framework/src/Illuminate/Pipeline/Pipeline.php(119): Illuminate\\Pipeline\\Pipeline->Illuminate\\Pipeline\\{closure}()
#39 /home/admin123/untitled/vendor/laravel/framework/src/Illuminate/Foundation/Http/Kernel.php(175): Illuminate\\Pipeline\\Pipeline->then()
#40 /home/admin123/untitled/vendor/laravel/framework/src/Illuminate/Foundation/Http/Kernel.php(144): Illuminate\\Foundation\\Http\\Kernel->sendRequestThroughRouter()
#41 /home/admin123/untitled/public/index.php(30): Illuminate\\Foundation\\Http\\Kernel->handle()
#42 /home/admin123/untitled/vendor/laravel/framework/src/Illuminate/Foundation/resources/server.php(16): require_once('...')
#43 {main}
"} 
[2025-11-05 10:17:32] laravel.EMERGENCY: Unable to create configured logger. Using emergency logger. {"exception":"[object] (InvalidArgumentException(code: 0): Log [] is not defined. at /home/admin123/untitled/vendor/laravel/framework/src/Illuminate/Log/LogManager.php:212)
[stacktrace]
#0 /home/admin123/untitled/vendor/laravel/framework/src/Illuminate/Log/LogManager.php(137): Illuminate\\Log\\LogManager->resolve()
#1 /home/admin123/untitled/vendor/laravel/framework/src/Illuminate/Log/LogManager.php(124): Illuminate\\Log\\LogManager->get()
#2 /home/admin123/untitled/vendor/laravel/framework/src/Illuminate/Log/LogManager.php(681): Illuminate\\Log\\LogManager->driver()
#3 /home/admin123/untitled/vendor/laravel/framework/src/Illuminate/Foundation/Exceptions/Handler.php(317): Illuminate\\Log\\LogManager->error()
#4 /home/admin123/untitled/vendor/laravel/framework/src/Illuminate/Foundation/Exceptions/Handler.php(278): Illuminate\\Foundation\\Exceptions\\Handler->reportThrowable()
#5 /home/admin123/untitled/vendor/laravel/framework/src/Illuminate/Foundation/Bootstrap/HandleExceptions.php(183): Illuminate\\Foundation\\Exceptions\\Handler->report()
#6 /home/admin123/untitled/vendor/laravel/framework/src/Illuminate/Foundation/Bootstrap/HandleExceptions.php(255): Illuminate\\Foundation\\Bootstrap\\HandleExceptions->handleException()
#7 [internal function]: Illuminate\\Foundation\\Bootstrap\\HandleExceptions->Illuminate\\Foundation\\Bootstrap\\{closure}()
#8 {main}
"} 
[2025-11-05 10:17:32] laravel.ERROR: Trying to access array offset on null {"exception":"[object] (ErrorException(code: 0): Trying to access array offset on null at /home/admin123/untitled/vendor/laravel/framework/src/Illuminate/Cookie/CookieServiceProvider.php:20)
[stacktrace]
#0 /home/admin123/untitled/vendor/laravel/framework/src/Illuminate/Foundation/Bootstrap/HandleExceptions.php(255): Illuminate\\Foundation\\Bootstrap\\HandleExceptions->handleError()
#1 /home/admin123/untitled/vendor/laravel/framework/src/Illuminate/Cookie/CookieServiceProvider.php(20): Illuminate\\Foundation\\Bootstrap\\HandleExceptions->Illuminate\\Foundation\\Bootstrap\\{closure}()
#2 /home/admin123/untitled/vendor/laravel/framework/src/Illuminate/Container/Container.php(908): Illuminate\\Cookie\\CookieServiceProvider->Illuminate\\Cookie\\{closure}()
#3 /home/admin123/untitled/vendor/laravel/framework/src/Illuminate/Container/Container.php(795): Illuminate\\Container\\Container->build()
#4 /home/admin123/untitled/vendor/laravel/framework/src/Illuminate/Foundation/Application.php(986): Illuminate\\Container\\Container->resolve()
#5 /home/admin123/untitled/vendor/laravel/framework/src/Illuminate/Container/Container.php(731): Illuminate\\Foundation\\Application->resolve()
#6 /home/admin123/untitled/vendor/laravel/framework/src/Illuminate/Foundation/Application.php(971): Illuminate\\Container\\Container->make()
#7 /home/admin123/untitled/vendor/laravel/framework/src/Illuminate/Container/Container.php(1066): Illuminate\\Foundation\\Application->make()
#8 /home/admin123/untitled/vendor/laravel/framework/src/Illuminate/Container/Container.php(982): Illuminate\\Container\\Container->resolveClass()
#9 /home/admin123/untitled/vendor/laravel/framework/src/Illuminate/Container/Container.php(943): Illuminate\\Container\\Container->resolveDependencies()
#10 /home/admin123/untitled/vendor/laravel/framework/src/Illuminate/Container/Container.php(795): Illuminate\\Container\\Container->build()
#11 /home/admin123/untitled/vendor/laravel/framework/src/Illuminate/Foundation/Application.php(986): Illuminate\\Container\\Container->resolve()
#12 /home/admin123/untitled/vendor/laravel/framework/src/Illuminate/Container/Container.php(731): Illuminate\\Foundation\\Application->resolve()
#13 /home/admin123/untitled/vendor/laravel/framework/src/Illuminate/Foundation/Application.php(971): Illuminate\\Container\\Container->make()
#14 /home/admin123/untitled/vendor/laravel/framework/src/Illuminate/Foundation/Http/Kernel.php(255): Illuminate\\Foundation\\Application->make()
#15 /home/admin123/untitled/vendor/laravel/framework/src/Illuminate/Foundation/Http/Kernel.php(213): Illuminate\\Foundation\\Http\\Kernel->terminateMiddleware()
#16 /home/admin123/untitled/public/index.php(36): Illuminate\\Foundation\\Http\\Kernel->terminate()
#17 /home/admin123/untitled/vendor/laravel/framework/src/Illuminate/Foundation/resources/server.php(16): require_once('...')
#18 {main}
"} 
[2025-11-05 10:17:33] laravel.EMERGENCY: Unable to create configured logger. Using emergency logger. {"exception":"[object] (InvalidArgumentException(code: 0): Log [] is not defined. at /home/admin123/untitled/vendor/laravel/framework/src/Illuminate/Log/LogManager.php:212)
[stacktrace]
#0 /home/admin123/untitled/vendor/laravel/framework/src/Illuminate/Log/LogManager.php(137): Illuminate\\Log\\LogManager->resolve()
#1 /home/admin123/untitled/vendor/laravel/framework/src/Illuminate/Log/LogManager.php(124): Illuminate\\Log\\LogManager->get()
#2 /home/admin123/untitled/vendor/laravel/framework/src/Illuminate/Log/LogManager.php(681): Illuminate\\Log\\LogManager->driver()
#3 /home/admin123/untitled/vendor/laravel/framework/src/Illuminate/Foundation/Exceptions/Handler.php(317): Illuminate\\Log\\LogManager->error()
#4 /home/admin123/untitled/vendor/laravel/framework/src/Illuminate/Foundation/Exceptions/Handler.php(278): Illuminate\\Foundation\\Exceptions\\Handler->reportThrowable()
#5 /home/admin123/untitled/vendor/laravel/framework/src/Illuminate/Routing/Pipeline.php(49): Illuminate\\Foundation\\Exceptions\\Handler->report()
#6 /home/admin123/untitled/vendor/laravel/framework/src/Illuminate/Pipeline/Pipeline.php(188): Illuminate\\Routing\\Pipeline->handleException()
#7 /home/admin123/untitled/vendor/laravel/framework/src/Illuminate/Foundation/Http/Middleware/TransformsRequest.php(21): Illuminate\\Pipeline\\Pipeline->Illuminate\\Pipeline\\{closure}()
#8 /home/admin123/untitled/vendor/laravel/framework/src/Illuminate/Foundation/Http/Middleware/TrimStrings.php(40): Illuminate\\Foundation\\Http\\Middleware\\TransformsRequest->handle()
#9 /home/admin123/untitled/vendor/laravel/framework/src/Illuminate/Pipeline/Pipeline.php(183): Illuminate\\Foundation\\Http\\Middleware\\TrimStrings->handle()
#10 /home/admin123/untitled/vendor/laravel/framework/src/Illuminate/Foundation/Http/Middleware/ValidatePostSize.php(27): Illuminate\\Pipeline\\Pipeline->Illuminate\\Pipeline\\{closure}()
#11 /home/admin123/untitled/vendor/laravel/framework/src/Illuminate/Pipeline/Pipeline.php(183): Illuminate\\Foundation\\Http\\Middleware\\ValidatePostSize->handle()
#12 /home/admin123/untitled/vendor/laravel/framework/src/Illuminate/Foundation/Http/Middleware/PreventRequestsDuringMaintenance.php(99): Illuminate\\Pipeline\\Pipeline->Illuminate\\Pipeline\\{closure}()
#13 /home/admin123/untitled/vendor/laravel/framework/src/Illuminate/Pipeline/Pipeline.php(183): Illuminate\\Foundation\\Http\\Middleware\\PreventRequestsDuringMaintenance->handle()
#14 /home/admin123/untitled/vendor/laravel/framework/src/Illuminate/Http/Middleware/HandleCors.php(49): Illuminate\\Pipeline\\Pipeline->Illuminate\\Pipeline\\{closure}()
#15 /home/admin123/untitled/vendor/laravel/framework/src/Illuminate/Pipeline/Pipeline.php(183): Illuminate\\Http\\Middleware\\HandleCors->handle()
#16 /home/admin123/untitled/vendor/laravel/framework/src/Illuminate/Http/Middleware/TrustProxies.php(39): Illuminate\\Pipeline\\Pipeline->Illuminate\\Pipeline\\{closure}()
#17 /home/admin123/untitled/vendor/laravel/framework/src/Illuminate/Pipeline/Pipeline.php(183): Illuminate\\Http\\Middleware\\TrustProxies->handle()
#18 /home/admin123/untitled/vendor/laravel/framework/src/Illuminate/Pipeline/Pipeline.php(119): Illuminate\\Pipeline\\Pipeline->Illuminate\\Pipeline\\{closure}()
#19 /home/admin123/untitled/vendor/laravel/framework/src/Illuminate/Foundation/Http/Kernel.php(175): Illuminate\\Pipeline\\Pipeline->then()
#20 /home/admin123/untitled/vendor/laravel/framework/src/Illuminate/Foundation/Http/Kernel.php(144): Illuminate\\Foundation\\Http\\Kernel->sendRequestThroughRouter()
#21 /home/admin123/untitled/public/index.php(30): Illuminate\\Foundation\\Http\\Kernel->handle()
#22 /home/admin123/untitled/vendor/laravel/framework/src/Illuminate/Foundation/resources/server.php(16): require_once('...')
#23 {main}
"} 
[2025-11-05 10:17:33] laravel.ERROR: Illuminate\View\FileViewFinder::__construct(): Argument #2 ($paths) must be of type array, null given, called in /home/admin123/untitled/vendor/laravel/framework/src/Illuminate/View/ViewServiceProvider.php on line 85 {"exception":"[object] (TypeError(code: 0): Illuminate\\View\\FileViewFinder::__construct(): Argument #2 ($paths) must be of type array, null given, called in /home/admin123/untitled/vendor/laravel/framework/src/Illuminate/View/ViewServiceProvider.php on line 85 at /home/admin123/untitled/vendor/laravel/framework/src/Illuminate/View/FileViewFinder.php:53)
[stacktrace]
#0 /home/admin123/untitled/vendor/laravel/framework/src/Illuminate/View/ViewServiceProvider.php(85): Illuminate\\View\\FileViewFinder->__construct()
#1 /home/admin123/untitled/vendor/laravel/framework/src/Illuminate/Container/Container.php(908): Illuminate\\View\\ViewServiceProvider->Illuminate\\View\\{closure}()
#2 /home/admin123/untitled/vendor/laravel/framework/src/Illuminate/Container/Container.php(795): Illuminate\\Container\\Container->build()
#3 /home/admin123/untitled/vendor/laravel/framework/src/Illuminate/Foundation/Application.php(986): Illuminate\\Container\\Container->resolve()
#4 /home/admin123/untitled/vendor/laravel/framework/src/Illuminate/Container/Container.php(731): Illuminate\\Foundation\\Application->resolve()
#5 /home/admin123/untitled/vendor/laravel/framework/src/Illuminate/Foundation/Application.php(971): Illuminate\\Container\\Container->make()
#6 /home/admin123/untitled/vendor/laravel/framework/src/Illuminate/Container/Container.php(1454): Illuminate\\Foundation\\Application->make()
#7 /home/admin123/untitled/vendor/laravel/framework/src/Illuminate/View/ViewServiceProvider.php(45): Illuminate\\Container\\Container->offsetGet()
#8 /home/admin123/untitled/vendor/laravel/framework/src/Illuminate/Container/Container.php(908): Illuminate\\View\\ViewServiceProvider->Illuminate\\View\\{closure}()
#9 /home/admin123/untitled/vendor/laravel/framework/src/Illuminate/Container/Container.php(795): Illuminate\\Container\\Container->build()
#10 /home/admin123/untitled/vendor/laravel/framework/src/Illuminate/Foundation/Application.php(986): Illuminate\\Container\\Container->resolve()
#11 /home/admin123/untitled/vendor/laravel/framework/src/Illuminate/Container/Container.php(731): Illuminate\\Foundation\\Application->resolve()
#12 /home/admin123/untitled/vendor/laravel/framework/src/Illuminate/Foundation/Application.php(971): Illuminate\\Container\\Container->make()
#13 /home/admin123/untitled/vendor/laravel/framework/src/Illuminate/Container/Container.php(1454): Illuminate\\Foundation\\Application->make()
#14 /home/admin123/untitled/vendor/laravel/framework/src/Illuminate/Support/Facades/Facade.php(237): Illuminate\\Container\\Container->offsetGet()
#15 /home/admin123/untitled/vendor/laravel/framework/src/Illuminate/Support/Facades/Facade.php(208): Illuminate\\Support\\Facades\\Facade::resolveFacadeInstance()
#16 /home/admin123/untitled/vendor/laravel/framework/src/Illuminate/Support/Facades/Facade.php(349): Illuminate\\Support\\Facades\\Facade::getFacadeRoot()
#17 /home/admin123/untitled/vendor/laravel/framework/src/Illuminate/Foundation/Exceptions/RegisterErrorViewPaths.php(16): Illuminate\\Support\\Facades\\Facade::__callStatic()
#18 /home/admin123/untitled/vendor/laravel/framework/src/Illuminate/Foundation/Exceptions/Handler.php(744): Illuminate\\Foundation\\Exceptions\\RegisterErrorViewPaths->__invoke()
#19 /home/admin123/untitled/vendor/laravel/framework/src/Illuminate/Foundation/Exceptions/Handler.php(719): Illuminate\\Foundation\\Exceptions\\Handler->registerErrorViewPaths()
#20 /home/admin123/untitled/vendor/laravel/framework/src/Illuminate/Foundation/Exceptions/Handler.php(650): Illuminate\\Foundation\\Exceptions\\Handler->renderHttpException()
#21 /home/admin123/untitled/vendor/laravel/framework/src/Illuminate/Foundation/Exceptions/Handler.php(556): Illuminate\\Foundation\\Exceptions\\Handler->prepareResponse()
#22 /home/admin123/untitled/vendor/laravel/framework/src/Illuminate/Foundation/Exceptions/Handler.php(473): Illuminate\\Foundation\\Exceptions\\Handler->renderExceptionResponse()
#23 /home/admin123/untitled/vendor/laravel/framework/src/Illuminate/Routing/Pipeline.php(51): Illuminate\\Foundation\\Exceptions\\Handler->render()
#24 /home/admin123/untitled/vendor/laravel/framework/src/Illuminate/Pipeline/Pipeline.php(146): Illuminate\\Routing\\Pipeline->handleException()
#25 /home/admin123/untitled/vendor/laravel/framework/src/Illuminate/Foundation/Http/Middleware/TransformsRequest.php(21): Illuminate\\Pipeline\\Pipeline->Illuminate\\Pipeline\\{closure}()
#26 /home/admin123/untitled/vendor/laravel/framework/src/Illuminate/Foundation/Http/Middleware/ConvertEmptyStringsToNull.php(31): Illuminate\\Foundation\\Http\\Middleware\\TransformsRequest->handle()
#27 /home/admin123/untitled/vendor/laravel/framework/src/Illuminate/Pipeline/Pipeline.php(183): Illuminate\\Foundation\\Http\\Middleware\\ConvertEmptyStringsToNull->handle()
#28 /home/admin123/untitled/vendor/laravel/framework/src/Illuminate/Foundation/Http/Middleware/TransformsRequest.php(21): Illuminate\\Pipeline\\Pipeline->Illuminate\\Pipeline\\{closure}()
#29 /home/admin123/untitled/vendor/laravel/framework/src/Illuminate/Foundation/Http/Middleware/TrimStrings.php(40): Illuminate\\Foundation\\Http\\Middleware\\TransformsRequest->handle()
#30 /home/admin123/untitled/vendor/laravel/framework/src/Illuminate/Pipeline/Pipeline.php(183): Illuminate\\Foundation\\Http\\Middleware\\TrimStrings->handle()
#31 /home/admin123/untitled/vendor/laravel/framework/src/Illuminate/Foundation/Http/Middleware/ValidatePostSize.php(27): Illuminate\\Pipeline\\Pipeline->Illuminate\\Pipeline\\{closure}()
#32 /home/admin123/untitled/vendor/laravel/framework/src/Illuminate/Pipeline/Pipeline.php(183): Illuminate\\Foundation\\Http\\Middleware\\ValidatePostSize->handle()
#33 /home/admin123/untitled/vendor/laravel/framework/src/Illuminate/Foundation/Http/Middleware/PreventRequestsDuringMaintenance.php(99): Illuminate\\Pipeline\\Pipeline->Illuminate\\Pipeline\\{closure}()
#34 /home/admin123/untitled/vendor/laravel/framework/src/Illuminate/Pipeline/Pipeline.php(183): Illuminate\\Foundation\\Http\\Middleware\\PreventRequestsDuringMaintenance->handle()
#35 /home/admin123/untitled/vendor/laravel/framework/src/Illuminate/Http/Middleware/HandleCors.php(49): Illuminate\\Pipeline\\Pipeline->Illuminate\\Pipeline\\{closure}()
#36 /home/admin123/untitled/vendor/laravel/framework/src/Illuminate/Pipeline/Pipeline.php(183): Illuminate\\Http\\Middleware\\HandleCors->handle()
#37 /home/admin123/untitled/vendor/laravel/framework/src/Illuminate/Http/Middleware/TrustProxies.php(39): Illuminate\\Pipeline\\Pipeline->Illuminate\\Pipeline\\{closure}()
#38 /home/admin123/untitled/vendor/laravel/framework/src/Illuminate/Pipeline/Pipeline.php(183): Illuminate\\Http\\Middleware\\TrustProxies->handle()
#39 /home/admin123/untitled/vendor/laravel/framework/src/Illuminate/Pipeline/Pipeline.php(119): Illuminate\\Pipeline\\Pipeline->Illuminate\\Pipeline\\{closure}()
#40 /home/admin123/untitled/vendor/laravel/framework/src/Illuminate/Foundation/Http/Kernel.php(175): Illuminate\\Pipeline\\Pipeline->then()
#41 /home/admin123/untitled/vendor/laravel/framework/src/Illuminate/Foundation/Http/Kernel.php(144): Illuminate\\Foundation\\Http\\Kernel->sendRequestThroughRouter()
#42 /home/admin123/untitled/public/index.php(30): Illuminate\\Foundation\\Http\\Kernel->handle()
#43 /home/admin123/untitled/vendor/laravel/framework/src/Illuminate/Foundation/resources/server.php(16): require_once('...')
#44 {main}
"} 
[2025-11-05 10:17:44] laravel.EMERGENCY: Unable to create configured logger. Using emergency logger. {"exception":"[object] (InvalidArgumentException(code: 0): Log [] is not defined. at /home/admin123/untitled/vendor/laravel/framework/src/Illuminate/Log/LogManager.php:212)
[stacktrace]
#0 /home/admin123/untitled/vendor/laravel/framework/src/Illuminate/Log/LogManager.php(137): Illuminate\\Log\\LogManager->resolve()
#1 /home/admin123/untitled/vendor/laravel/framework/src/Illuminate/Log/LogManager.php(124): Illuminate\\Log\\LogManager->get()
#2 /home/admin123/untitled/vendor/laravel/framework/src/Illuminate/Log/LogManager.php(681): Illuminate\\Log\\LogManager->driver()
#3 /home/admin123/untitled/vendor/laravel/framework/src/Illuminate/Foundation/Exceptions/Handler.php(317): Illuminate\\Log\\LogManager->error()
#4 /home/admin123/untitled/vendor/laravel/framework/src/Illuminate/Foundation/Exceptions/Handler.php(278): Illuminate\\Foundation\\Exceptions\\Handler->reportThrowable()
#5 /home/admin123/untitled/vendor/laravel/framework/src/Illuminate/Routing/Pipeline.php(49): Illuminate\\Foundation\\Exceptions\\Handler->report()
#6 /home/admin123/untitled/vendor/laravel/framework/src/Illuminate/Pipeline/Pipeline.php(188): Illuminate\\Routing\\Pipeline->handleException()
#7 /home/admin123/untitled/vendor/laravel/framework/src/Illuminate/Foundation/Http/Middleware/TransformsRequest.php(21): Illuminate\\Pipeline\\Pipeline->Illuminate\\Pipeline\\{closure}()
#8 /home/admin123/untitled/vendor/laravel/framework/src/Illuminate/Foundation/Http/Middleware/TrimStrings.php(40): Illuminate\\Foundation\\Http\\Middleware\\TransformsRequest->handle()
#9 /home/admin123/untitled/vendor/laravel/framework/src/Illuminate/Pipeline/Pipeline.php(183): Illuminate\\Foundation\\Http\\Middleware\\TrimStrings->handle()
#10 /home/admin123/untitled/vendor/laravel/framework/src/Illuminate/Foundation/Http/Middleware/ValidatePostSize.php(27): Illuminate\\Pipeline\\Pipeline->Illuminate\\Pipeline\\{closure}()
#11 /home/admin123/untitled/vendor/laravel/framework/src/Illuminate/Pipeline/Pipeline.php(183): Illuminate\\Foundation\\Http\\Middleware\\ValidatePostSize->handle()
#12 /home/admin123/untitled/vendor/laravel/framework/src/Illuminate/Foundation/Http/Middleware/PreventRequestsDuringMaintenance.php(99): Illuminate\\Pipeline\\Pipeline->Illuminate\\Pipeline\\{closure}()
#13 /home/admin123/untitled/vendor/laravel/framework/src/Illuminate/Pipeline/Pipeline.php(183): Illuminate\\Foundation\\Http\\Middleware\\PreventRequestsDuringMaintenance->handle()
#14 /home/admin123/untitled/vendor/laravel/framework/src/Illuminate/Http/Middleware/HandleCors.php(49): Illuminate\\Pipeline\\Pipeline->Illuminate\\Pipeline\\{closure}()
#15 /home/admin123/untitled/vendor/laravel/framework/src/Illuminate/Pipeline/Pipeline.php(183): Illuminate\\Http\\Middleware\\HandleCors->handle()
#16 /home/admin123/untitled/vendor/laravel/framework/src/Illuminate/Http/Middleware/TrustProxies.php(39): Illuminate\\Pipeline\\Pipeline->Illuminate\\Pipeline\\{closure}()
#17 /home/admin123/untitled/vendor/laravel/framework/src/Illuminate/Pipeline/Pipeline.php(183): Illuminate\\Http\\Middleware\\TrustProxies->handle()
#18 /home/admin123/untitled/vendor/laravel/framework/src/Illuminate/Pipeline/Pipeline.php(119): Illuminate\\Pipeline\\Pipeline->Illuminate\\Pipeline\\{closure}()
#19 /home/admin123/untitled/vendor/laravel/framework/src/Illuminate/Foundation/Http/Kernel.php(175): Illuminate\\Pipeline\\Pipeline->then()
#20 /home/admin123/untitled/vendor/laravel/framework/src/Illuminate/Foundation/Http/Kernel.php(144): Illuminate\\Foundation\\Http\\Kernel->sendRequestThroughRouter()
#21 /home/admin123/untitled/public/index.php(30): Illuminate\\Foundation\\Http\\Kernel->handle()
#22 /home/admin123/untitled/vendor/laravel/framework/src/Illuminate/Foundation/resources/server.php(16): require_once('...')
#23 {main}
"} 
[2025-11-05 10:17:44] laravel.ERROR: Illuminate\View\FileViewFinder::__construct(): Argument #2 ($paths) must be of type array, null given, called in /home/admin123/untitled/vendor/laravel/framework/src/Illuminate/View/ViewServiceProvider.php on line 85 {"exception":"[object] (TypeError(code: 0): Illuminate\\View\\FileViewFinder::__construct(): Argument #2 ($paths) must be of type array, null given, called in /home/admin123/untitled/vendor/laravel/framework/src/Illuminate/View/ViewServiceProvider.php on line 85 at /home/admin123/untitled/vendor/laravel/framework/src/Illuminate/View/FileViewFinder.php:53)
[stacktrace]
#0 /home/admin123/untitled/vendor/laravel/framework/src/Illuminate/View/ViewServiceProvider.php(85): Illuminate\\View\\FileViewFinder->__construct()
#1 /home/admin123/untitled/vendor/laravel/framework/src/Illuminate/Container/Container.php(908): Illuminate\\View\\ViewServiceProvider->Illuminate\\View\\{closure}()
#2 /home/admin123/untitled/vendor/laravel/framework/src/Illuminate/Container/Container.php(795): Illuminate\\Container\\Container->build()
#3 /home/admin123/untitled/vendor/laravel/framework/src/Illuminate/Foundation/Application.php(986): Illuminate\\Container\\Container->resolve()
#4 /home/admin123/untitled/vendor/laravel/framework/src/Illuminate/Container/Container.php(731): Illuminate\\Foundation\\Application->resolve()
#5 /home/admin123/untitled/vendor/laravel/framework/src/Illuminate/Foundation/Application.php(971): Illuminate\\Container\\Container->make()
#6 /home/admin123/untitled/vendor/laravel/framework/src/Illuminate/Container/Container.php(1454): Illuminate\\Foundation\\Application->make()
#7 /home/admin123/untitled/vendor/laravel/framework/src/Illuminate/View/ViewServiceProvider.php(45): Illuminate\\Container\\Container->offsetGet()
#8 /home/admin123/untitled/vendor/laravel/framework/src/Illuminate/Container/Container.php(908): Illuminate\\View\\ViewServiceProvider->Illuminate\\View\\{closure}()
#9 /home/admin123/untitled/vendor/laravel/framework/src/Illuminate/Container/Container.php(795): Illuminate\\Container\\Container->build()
#10 /home/admin123/untitled/vendor/laravel/framework/src/Illuminate/Foundation/Application.php(986): Illuminate\\Container\\Container->resolve()
#11 /home/admin123/untitled/vendor/laravel/framework/src/Illuminate/Container/Container.php(731): Illuminate\\Foundation\\Application->resolve()
#12 /home/admin123/untitled/vendor/laravel/framework/src/Illuminate/Foundation/Application.php(971): Illuminate\\Container\\Container->make()
#13 /home/admin123/untitled/vendor/laravel/framework/src/Illuminate/Container/Container.php(1454): Illuminate\\Foundation\\Application->make()
#14 /home/admin123/untitled/vendor/laravel/framework/src/Illuminate/Support/Facades/Facade.php(237): Illuminate\\Container\\Container->offsetGet()
#15 /home/admin123/untitled/vendor/laravel/framework/src/Illuminate/Support/Facades/Facade.php(208): Illuminate\\Support\\Facades\\Facade::resolveFacadeInstance()
#16 /home/admin123/untitled/vendor/laravel/framework/src/Illuminate/Support/Facades/Facade.php(349): Illuminate\\Support\\Facades\\Facade::getFacadeRoot()
#17 /home/admin123/untitled/vendor/laravel/framework/src/Illuminate/Foundation/Exceptions/RegisterErrorViewPaths.php(16): Illuminate\\Support\\Facades\\Facade::__callStatic()
#18 /home/admin123/untitled/vendor/laravel/framework/src/Illuminate/Foundation/Exceptions/Handler.php(744): Illuminate\\Foundation\\Exceptions\\RegisterErrorViewPaths->__invoke()
#19 /home/admin123/untitled/vendor/laravel/framework/src/Illuminate/Foundation/Exceptions/Handler.php(719): Illuminate\\Foundation\\Exceptions\\Handler->registerErrorViewPaths()
#20 /home/admin123/untitled/vendor/laravel/framework/src/Illuminate/Foundation/Exceptions/Handler.php(650): Illuminate\\Foundation\\Exceptions\\Handler->renderHttpException()
#21 /home/admin123/untitled/vendor/laravel/framework/src/Illuminate/Foundation/Exceptions/Handler.php(556): Illuminate\\Foundation\\Exceptions\\Handler->prepareResponse()
#22 /home/admin123/untitled/vendor/laravel/framework/src/Illuminate/Foundation/Exceptions/Handler.php(473): Illuminate\\Foundation\\Exceptions\\Handler->renderExceptionResponse()
#23 /home/admin123/untitled/vendor/laravel/framework/src/Illuminate/Routing/Pipeline.php(51): Illuminate\\Foundation\\Exceptions\\Handler->render()
#24 /home/admin123/untitled/vendor/laravel/framework/src/Illuminate/Pipeline/Pipeline.php(146): Illuminate\\Routing\\Pipeline->handleException()
#25 /home/admin123/untitled/vendor/laravel/framework/src/Illuminate/Foundation/Http/Middleware/TransformsRequest.php(21): Illuminate\\Pipeline\\Pipeline->Illuminate\\Pipeline\\{closure}()
#26 /home/admin123/untitled/vendor/laravel/framework/src/Illuminate/Foundation/Http/Middleware/ConvertEmptyStringsToNull.php(31): Illuminate\\Foundation\\Http\\Middleware\\TransformsRequest->handle()
#27 /home/admin123/untitled/vendor/laravel/framework/src/Illuminate/Pipeline/Pipeline.php(183): Illuminate\\Foundation\\Http\\Middleware\\ConvertEmptyStringsToNull->handle()
#28 /home/admin123/untitled/vendor/laravel/framework/src/Illuminate/Foundation/Http/Middleware/TransformsRequest.php(21): Illuminate\\Pipeline\\Pipeline->Illuminate\\Pipeline\\{closure}()
#29 /home/admin123/untitled/vendor/laravel/framework/src/Illuminate/Foundation/Http/Middleware/TrimStrings.php(40): Illuminate\\Foundation\\Http\\Middleware\\TransformsRequest->handle()
#30 /home/admin123/untitled/vendor/laravel/framework/src/Illuminate/Pipeline/Pipeline.php(183): Illuminate\\Foundation\\Http\\Middleware\\TrimStrings->handle()
#31 /home/admin123/untitled/vendor/laravel/framework/src/Illuminate/Foundation/Http/Middleware/ValidatePostSize.php(27): Illuminate\\Pipeline\\Pipeline->Illuminate\\Pipeline\\{closure}()
#32 /home/admin123/untitled/vendor/laravel/framework/src/Illuminate/Pipeline/Pipeline.php(183): Illuminate\\Foundation\\Http\\Middleware\\ValidatePostSize->handle()
#33 /home/admin123/untitled/vendor/laravel/framework/src/Illuminate/Foundation/Http/Middleware/PreventRequestsDuringMaintenance.php(99): Illuminate\\Pipeline\\Pipeline->Illuminate\\Pipeline\\{closure}()
#34 /home/admin123/untitled/vendor/laravel/framework/src/Illuminate/Pipeline/Pipeline.php(183): Illuminate\\Foundation\\Http\\Middleware\\PreventRequestsDuringMaintenance->handle()
#35 /home/admin123/untitled/vendor/laravel/framework/src/Illuminate/Http/Middleware/HandleCors.php(49): Illuminate\\Pipeline\\Pipeline->Illuminate\\Pipeline\\{closure}()
#36 /home/admin123/untitled/vendor/laravel/framework/src/Illuminate/Pipeline/Pipeline.php(183): Illuminate\\Http\\Middleware\\HandleCors->handle()
#37 /home/admin123/untitled/vendor/laravel/framework/src/Illuminate/Http/Middleware/TrustProxies.php(39): Illuminate\\Pipeline\\Pipeline->Illuminate\\Pipeline\\{closure}()
#38 /home/admin123/untitled/vendor/laravel/framework/src/Illuminate/Pipeline/Pipeline.php(183): Illuminate\\Http\\Middleware\\TrustProxies->handle()
#39 /home/admin123/untitled/vendor/laravel/framework/src/Illuminate/Pipeline/Pipeline.php(119): Illuminate\\Pipeline\\Pipeline->Illuminate\\Pipeline\\{closure}()
#40 /home/admin123/untitled/vendor/laravel/framework/src/Illuminate/Foundation/Http/Kernel.php(175): Illuminate\\Pipeline\\Pipeline->then()
#41 /home/admin123/untitled/vendor/laravel/framework/src/Illuminate/Foundation/Http/Kernel.php(144): Illuminate\\Foundation\\Http\\Kernel->sendRequestThroughRouter()
#42 /home/admin123/untitled/public/index.php(30): Illuminate\\Foundation\\Http\\Kernel->handle()
#43 /home/admin123/untitled/vendor/laravel/framework/src/Illuminate/Foundation/resources/server.php(16): require_once('...')
#44 {main}
"} 
[2025-11-05 10:24:06] local.ERROR: SQLSTATE[HY000]: General error: 1 no such table: sessions (Connection: sqlite, SQL: select * from "sessions" where "id" = zfCYtvDWkmkBcpoUVEjamIIxYzlk7qtZhbM3MuAw limit 1) {"exception":"[object] (Illuminate\\Database\\QueryException(code: HY000): SQLSTATE[HY000]: General error: 1 no such table: sessions (Connection: sqlite, SQL: select * from \"sessions\" where \"id\" = zfCYtvDWkmkBcpoUVEjamIIxYzlk7qtZhbM3MuAw limit 1) at /home/admin123/untitled/vendor/laravel/framework/src/Illuminate/Database/Connection.php:829)
[stacktrace]
#0 /home/admin123/untitled/vendor/laravel/framework/src/Illuminate/Database/Connection.php(783): Illuminate\\Database\\Connection->runQueryCallback()
#1 /home/admin123/untitled/vendor/laravel/framework/src/Illuminate/Database/Connection.php(414): Illuminate\\Database\\Connection->run()
#2 /home/admin123/untitled/vendor/laravel/framework/src/Illuminate/Database/Query/Builder.php(2913): Illuminate\\Database\\Connection->select()
#3 /home/admin123/untitled/vendor/laravel/framework/src/Illuminate/Database/Query/Builder.php(2902): Illuminate\\Database\\Query\\Builder->runSelect()
#4 /home/admin123/untitled/vendor/laravel/framework/src/Illuminate/Database/Query/Builder.php(3456): Illuminate\\Database\\Query\\Builder->Illuminate\\Database\\Query\\{closure}()
#5 /home/admin123/untitled/vendor/laravel/framework/src/Illuminate/Database/Query/Builder.php(2901): Illuminate\\Database\\Query\\Builder->onceWithColumns()
#6 /home/admin123/untitled/vendor/laravel/framework/src/Illuminate/Database/Concerns/BuildsQueries.php(333): Illuminate\\Database\\Query\\Builder->get()
#7 /home/admin123/untitled/vendor/laravel/framework/src/Illuminate/Database/Query/Builder.php(2824): Illuminate\\Database\\Query\\Builder->first()
#8 /home/admin123/untitled/vendor/laravel/framework/src/Illuminate/Session/DatabaseSessionHandler.php(97): Illuminate\\Database\\Query\\Builder->find()
#9 /home/admin123/untitled/vendor/laravel/framework/src/Illuminate/Session/Store.php(113): Illuminate\\Session\\DatabaseSessionHandler->read()
#10 /home/admin123/untitled/vendor/laravel/framework/src/Illuminate/Session/Store.php(101): Illuminate\\Session\\Store->readFromHandler()
#11 /home/admin123/untitled/vendor/laravel/framework/src/Illuminate/Session/Store.php(85): Illuminate\\Session\\Store->loadSession()
#12 /home/admin123/untitled/vendor/laravel/framework/src/Illuminate/Session/Middleware/StartSession.php(147): Illuminate\\Session\\Store->start()
#13 /home/admin123/untitled/vendor/laravel/framework/src/Illuminate/Support/helpers.php(320): Illuminate\\Session\\Middleware\\StartSession->Illuminate\\Session\\Middleware\\{closure}()
#14 /home/admin123/untitled/vendor/laravel/framework/src/Illuminate/Session/Middleware/StartSession.php(144): tap()
#15 /home/admin123/untitled/vendor/laravel/framework/src/Illuminate/Session/Middleware/StartSession.php(116): Illuminate\\Session\\Middleware\\StartSession->startSession()
#16 /home/admin123/untitled/vendor/laravel/framework/src/Illuminate/Session/Middleware/StartSession.php(64): Illuminate\\Session\\Middleware\\StartSession->handleStatefulRequest()
#17 /home/admin123/untitled/vendor/laravel/framework/src/Illuminate/Pipeline/Pipeline.php(183): Illuminate\\Session\\Middleware\\StartSession->handle()
#18 /home/admin123/untitled/vendor/laravel/framework/src/Illuminate/Cookie/Middleware/AddQueuedCookiesToResponse.php(37): Illuminate\\Pipeline\\Pipeline->Illuminate\\Pipeline\\{closure}()
#19 /home/admin123/untitled/vendor/laravel/framework/src/Illuminate/Pipeline/Pipeline.php(183): Illuminate\\Cookie\\Middleware\\AddQueuedCookiesToResponse->handle()
#20 /home/admin123/untitled/vendor/laravel/framework/src/Illuminate/Cookie/Middleware/EncryptCookies.php(67): Illuminate\\Pipeline\\Pipeline->Illuminate\\Pipeline\\{closure}()
#21 /home/admin123/untitled/vendor/laravel/framework/src/Illuminate/Pipeline/Pipeline.php(183): Illuminate\\Cookie\\Middleware\\EncryptCookies->handle()
#22 /home/admin123/untitled/vendor/laravel/framework/src/Illuminate/Pipeline/Pipeline.php(119): Illuminate\\Pipeline\\Pipeline->Illuminate\\Pipeline\\{closure}()
#23 /home/admin123/untitled/vendor/laravel/framework/src/Illuminate/Routing/Router.php(805): Illuminate\\Pipeline\\Pipeline->then()
#24 /home/admin123/untitled/vendor/laravel/framework/src/Illuminate/Routing/Router.php(784): Illuminate\\Routing\\Router->runRouteWithinStack()
#25 /home/admin123/untitled/vendor/laravel/framework/src/Illuminate/Routing/Router.php(748): Illuminate\\Routing\\Router->runRoute()
#26 /home/admin123/untitled/vendor/laravel/framework/src/Illuminate/Routing/Router.php(737): Illuminate\\Routing\\Router->dispatchToRoute()
#27 /home/admin123/untitled/vendor/laravel/framework/src/Illuminate/Foundation/Http/Kernel.php(200): Illuminate\\Routing\\Router->dispatch()
#28 /home/admin123/untitled/vendor/laravel/framework/src/Illuminate/Pipeline/Pipeline.php(144): Illuminate\\Foundation\\Http\\Kernel->Illuminate\\Foundation\\Http\\{closure}()
#29 /home/admin123/untitled/vendor/laravel/framework/src/Illuminate/Foundation/Http/Middleware/TransformsRequest.php(21): Illuminate\\Pipeline\\Pipeline->Illuminate\\Pipeline\\{closure}()
#30 /home/admin123/untitled/vendor/laravel/framework/src/Illuminate/Foundation/Http/Middleware/ConvertEmptyStringsToNull.php(31): Illuminate\\Foundation\\Http\\Middleware\\TransformsRequest->handle()
#31 /home/admin123/untitled/vendor/laravel/framework/src/Illuminate/Pipeline/Pipeline.php(183): Illuminate\\Foundation\\Http\\Middleware\\ConvertEmptyStringsToNull->handle()
#32 /home/admin123/untitled/vendor/laravel/framework/src/Illuminate/Foundation/Http/Middleware/TransformsRequest.php(21): Illuminate\\Pipeline\\Pipeline->Illuminate\\Pipeline\\{closure}()
#33 /home/admin123/untitled/vendor/laravel/framework/src/Illuminate/Foundation/Http/Middleware/TrimStrings.php(40): Illuminate\\Foundation\\Http\\Middleware\\TransformsRequest->handle()
#34 /home/admin123/untitled/vendor/laravel/framework/src/Illuminate/Pipeline/Pipeline.php(183): Illuminate\\Foundation\\Http\\Middleware\\TrimStrings->handle()
#35 /home/admin123/untitled/vendor/laravel/framework/src/Illuminate/Foundation/Http/Middleware/ValidatePostSize.php(27): Illuminate\\Pipeline\\Pipeline->Illuminate\\Pipeline\\{closure}()
#36 /home/admin123/untitled/vendor/laravel/framework/src/Illuminate/Pipeline/Pipeline.php(183): Illuminate\\Foundation\\Http\\Middleware\\ValidatePostSize->handle()
#37 /home/admin123/untitled/vendor/laravel/framework/src/Illuminate/Foundation/Http/Middleware/PreventRequestsDuringMaintenance.php(99): Illuminate\\Pipeline\\Pipeline->Illuminate\\Pipeline\\{closure}()
#38 /home/admin123/untitled/vendor/laravel/framework/src/Illuminate/Pipeline/Pipeline.php(183): Illuminate\\Foundation\\Http\\Middleware\\PreventRequestsDuringMaintenance->handle()
#39 /home/admin123/untitled/vendor/laravel/framework/src/Illuminate/Http/Middleware/HandleCors.php(49): Illuminate\\Pipeline\\Pipeline->Illuminate\\Pipeline\\{closure}()
#40 /home/admin123/untitled/vendor/laravel/framework/src/Illuminate/Pipeline/Pipeline.php(183): Illuminate\\Http\\Middleware\\HandleCors->handle()
#41 /home/admin123/untitled/vendor/laravel/framework/src/Illuminate/Http/Middleware/TrustProxies.php(39): Illuminate\\Pipeline\\Pipeline->Illuminate\\Pipeline\\{closure}()
#42 /home/admin123/untitled/vendor/laravel/framework/src/Illuminate/Pipeline/Pipeline.php(183): Illuminate\\Http\\Middleware\\TrustProxies->handle()
#43 /home/admin123/untitled/vendor/laravel/framework/src/Illuminate/Pipeline/Pipeline.php(119): Illuminate\\Pipeline\\Pipeline->Illuminate\\Pipeline\\{closure}()
#44 /home/admin123/untitled/vendor/laravel/framework/src/Illuminate/Foundation/Http/Kernel.php(175): Illuminate\\Pipeline\\Pipeline->then()
#45 /home/admin123/untitled/vendor/laravel/framework/src/Illuminate/Foundation/Http/Kernel.php(144): Illuminate\\Foundation\\Http\\Kernel->sendRequestThroughRouter()
#46 /home/admin123/untitled/public/index.php(30): Illuminate\\Foundation\\Http\\Kernel->handle()
#47 /home/admin123/untitled/vendor/laravel/framework/src/Illuminate/Foundation/resources/server.php(16): require_once('...')
#48 {main}

[previous exception] [object] (PDOException(code: HY000): SQLSTATE[HY000]: General error: 1 no such table: sessions at /home/admin123/untitled/vendor/laravel/framework/src/Illuminate/Database/Connection.php:423)
[stacktrace]
#0 /home/admin123/untitled/vendor/laravel/framework/src/Illuminate/Database/Connection.php(423): PDO->prepare()
#1 /home/admin123/untitled/vendor/laravel/framework/src/Illuminate/Database/Connection.php(816): Illuminate\\Database\\Connection->Illuminate\\Database\\{closure}()
#2 /home/admin123/untitled/vendor/laravel/framework/src/Illuminate/Database/Connection.php(783): Illuminate\\Database\\Connection->runQueryCallback()
#3 /home/admin123/untitled/vendor/laravel/framework/src/Illuminate/Database/Connection.php(414): Illuminate\\Database\\Connection->run()
#4 /home/admin123/untitled/vendor/laravel/framework/src/Illuminate/Database/Query/Builder.php(2913): Illuminate\\Database\\Connection->select()
#5 /home/admin123/untitled/vendor/laravel/framework/src/Illuminate/Database/Query/Builder.php(2902): Illuminate\\Database\\Query\\Builder->runSelect()
#6 /home/admin123/untitled/vendor/laravel/framework/src/Illuminate/Database/Query/Builder.php(3456): Illuminate\\Database\\Query\\Builder->Illuminate\\Database\\Query\\{closure}()
#7 /home/admin123/untitled/vendor/laravel/framework/src/Illuminate/Database/Query/Builder.php(2901): Illuminate\\Database\\Query\\Builder->onceWithColumns()
#8 /home/admin123/untitled/vendor/laravel/framework/src/Illuminate/Database/Concerns/BuildsQueries.php(333): Illuminate\\Database\\Query\\Builder->get()
#9 /home/admin123/untitled/vendor/laravel/framework/src/Illuminate/Database/Query/Builder.php(2824): Illuminate\\Database\\Query\\Builder->first()
#10 /home/admin123/untitled/vendor/laravel/framework/src/Illuminate/Session/DatabaseSessionHandler.php(97): Illuminate\\Database\\Query\\Builder->find()
#11 /home/admin123/untitled/vendor/laravel/framework/src/Illuminate/Session/Store.php(113): Illuminate\\Session\\DatabaseSessionHandler->read()
#12 /home/admin123/untitled/vendor/laravel/framework/src/Illuminate/Session/Store.php(101): Illuminate\\Session\\Store->readFromHandler()
#13 /home/admin123/untitled/vendor/laravel/framework/src/Illuminate/Session/Store.php(85): Illuminate\\Session\\Store->loadSession()
#14 /home/admin123/untitled/vendor/laravel/framework/src/Illuminate/Session/Middleware/StartSession.php(147): Illuminate\\Session\\Store->start()
#15 /home/admin123/untitled/vendor/laravel/framework/src/Illuminate/Support/helpers.php(320): Illuminate\\Session\\Middleware\\StartSession->Illuminate\\Session\\Middleware\\{closure}()
#16 /home/admin123/untitled/vendor/laravel/framework/src/Illuminate/Session/Middleware/StartSession.php(144): tap()
#17 /home/admin123/untitled/vendor/laravel/framework/src/Illuminate/Session/Middleware/StartSession.php(116): Illuminate\\Session\\Middleware\\StartSession->startSession()
#18 /home/admin123/untitled/vendor/laravel/framework/src/Illuminate/Session/Middleware/StartSession.php(64): Illuminate\\Session\\Middleware\\StartSession->handleStatefulRequest()
#19 /home/admin123/untitled/vendor/laravel/framework/src/Illuminate/Pipeline/Pipeline.php(183): Illuminate\\Session\\Middleware\\StartSession->handle()
#20 /home/admin123/untitled/vendor/laravel/framework/src/Illuminate/Cookie/Middleware/AddQueuedCookiesToResponse.php(37): Illuminate\\Pipeline\\Pipeline->Illuminate\\Pipeline\\{closure}()
#21 /home/admin123/untitled/vendor/laravel/framework/src/Illuminate/Pipeline/Pipeline.php(183): Illuminate\\Cookie\\Middleware\\AddQueuedCookiesToResponse->handle()
#22 /home/admin123/untitled/vendor/laravel/framework/src/Illuminate/Cookie/Middleware/EncryptCookies.php(67): Illuminate\\Pipeline\\Pipeline->Illuminate\\Pipeline\\{closure}()
#23 /home/admin123/untitled/vendor/laravel/framework/src/Illuminate/Pipeline/Pipeline.php(183): Illuminate\\Cookie\\Middleware\\EncryptCookies->handle()
#24 /home/admin123/untitled/vendor/laravel/framework/src/Illuminate/Pipeline/Pipeline.php(119): Illuminate\\Pipeline\\Pipeline->Illuminate\\Pipeline\\{closure}()
#25 /home/admin123/untitled/vendor/laravel/framework/src/Illuminate/Routing/Router.php(805): Illuminate\\Pipeline\\Pipeline->then()
#26 /home/admin123/untitled/vendor/laravel/framework/src/Illuminate/Routing/Router.php(784): Illuminate\\Routing\\Router->runRouteWithinStack()
#27 /home/admin123/untitled/vendor/laravel/framework/src/Illuminate/Routing/Router.php(748): Illuminate\\Routing\\Router->runRoute()
#28 /home/admin123/untitled/vendor/laravel/framework/src/Illuminate/Routing/Router.php(737): Illuminate\\Routing\\Router->dispatchToRoute()
#29 /home/admin123/untitled/vendor/laravel/framework/src/Illuminate/Foundation/Http/Kernel.php(200): Illuminate\\Routing\\Router->dispatch()
#30 /home/admin123/untitled/vendor/laravel/framework/src/Illuminate/Pipeline/Pipeline.php(144): Illuminate\\Foundation\\Http\\Kernel->Illuminate\\Foundation\\Http\\{closure}()
#31 /home/admin123/untitled/vendor/laravel/framework/src/Illuminate/Foundation/Http/Middleware/TransformsRequest.php(21): Illuminate\\Pipeline\\Pipeline->Illuminate\\Pipeline\\{closure}()
#32 /home/admin123/untitled/vendor/laravel/framework/src/Illuminate/Foundation/Http/Middleware/ConvertEmptyStringsToNull.php(31): Illuminate\\Foundation\\Http\\Middleware\\TransformsRequest->handle()
#33 /home/admin123/untitled/vendor/laravel/framework/src/Illuminate/Pipeline/Pipeline.php(183): Illuminate\\Foundation\\Http\\Middleware\\ConvertEmptyStringsToNull->handle()
#34 /home/admin123/untitled/vendor/laravel/framework/src/Illuminate/Foundation/Http/Middleware/TransformsRequest.php(21): Illuminate\\Pipeline\\Pipeline->Illuminate\\Pipeline\\{closure}()
#35 /home/admin123/untitled/vendor/laravel/framework/src/Illuminate/Foundation/Http/Middleware/TrimStrings.php(40): Illuminate\\Foundation\\Http\\Middleware\\TransformsRequest->handle()
#36 /home/admin123/untitled/vendor/laravel/framework/src/Illuminate/Pipeline/Pipeline.php(183): Illuminate\\Foundation\\Http\\Middleware\\TrimStrings->handle()
#37 /home/admin123/untitled/vendor/laravel/framework/src/Illuminate/Foundation/Http/Middleware/ValidatePostSize.php(27): Illuminate\\Pipeline\\Pipeline->Illuminate\\Pipeline\\{closure}()
#38 /home/admin123/untitled/vendor/laravel/framework/src/Illuminate/Pipeline/Pipeline.php(183): Illuminate\\Foundation\\Http\\Middleware\\ValidatePostSize->handle()
#39 /home/admin123/untitled/vendor/laravel/framework/src/Illuminate/Foundation/Http/Middleware/PreventRequestsDuringMaintenance.php(99): Illuminate\\Pipeline\\Pipeline->Illuminate\\Pipeline\\{closure}()
#40 /home/admin123/untitled/vendor/laravel/framework/src/Illuminate/Pipeline/Pipeline.php(183): Illuminate\\Foundation\\Http\\Middleware\\PreventRequestsDuringMaintenance->handle()
#41 /home/admin123/untitled/vendor/laravel/framework/src/Illuminate/Http/Middleware/HandleCors.php(49): Illuminate\\Pipeline\\Pipeline->Illuminate\\Pipeline\\{closure}()
#42 /home/admin123/untitled/vendor/laravel/framework/src/Illuminate/Pipeline/Pipeline.php(183): Illuminate\\Http\\Middleware\\HandleCors->handle()
#43 /home/admin123/untitled/vendor/laravel/framework/src/Illuminate/Http/Middleware/TrustProxies.php(39): Illuminate\\Pipeline\\Pipeline->Illuminate\\Pipeline\\{closure}()
#44 /home/admin123/untitled/vendor/laravel/framework/src/Illuminate/Pipeline/Pipeline.php(183): Illuminate\\Http\\Middleware\\TrustProxies->handle()
#45 /home/admin123/untitled/vendor/laravel/framework/src/Illuminate/Pipeline/Pipeline.php(119): Illuminate\\Pipeline\\Pipeline->Illuminate\\Pipeline\\{closure}()
#46 /home/admin123/untitled/vendor/laravel/framework/src/Illuminate/Foundation/Http/Kernel.php(175): Illuminate\\Pipeline\\Pipeline->then()
#47 /home/admin123/untitled/vendor/laravel/framework/src/Illuminate/Foundation/Http/Kernel.php(144): Illuminate\\Foundation\\Http\\Kernel->sendRequestThroughRouter()
#48 /home/admin123/untitled/public/index.php(30): Illuminate\\Foundation\\Http\\Kernel->handle()
#49 /home/admin123/untitled/vendor/laravel/framework/src/Illuminate/Foundation/resources/server.php(16): require_once('...')
#50 {main}
"} 
[2025-11-05 10:24:06] local.ERROR: Illuminate\View\FileViewFinder::__construct(): Argument #2 ($paths) must be of type array, null given, called in /home/admin123/untitled/vendor/laravel/framework/src/Illuminate/View/ViewServiceProvider.php on line 85 {"exception":"[object] (TypeError(code: 0): Illuminate\\View\\FileViewFinder::__construct(): Argument #2 ($paths) must be of type array, null given, called in /home/admin123/untitled/vendor/laravel/framework/src/Illuminate/View/ViewServiceProvider.php on line 85 at /home/admin123/untitled/vendor/laravel/framework/src/Illuminate/View/FileViewFinder.php:53)
[stacktrace]
#0 /home/admin123/untitled/vendor/laravel/framework/src/Illuminate/View/ViewServiceProvider.php(85): Illuminate\\View\\FileViewFinder->__construct()
#1 /home/admin123/untitled/vendor/laravel/framework/src/Illuminate/Container/Container.php(908): Illuminate\\View\\ViewServiceProvider->Illuminate\\View\\{closure}()
#2 /home/admin123/untitled/vendor/laravel/framework/src/Illuminate/Container/Container.php(795): Illuminate\\Container\\Container->build()
#3 /home/admin123/untitled/vendor/laravel/framework/src/Illuminate/Foundation/Application.php(986): Illuminate\\Container\\Container->resolve()
#4 /home/admin123/untitled/vendor/laravel/framework/src/Illuminate/Container/Container.php(731): Illuminate\\Foundation\\Application->resolve()
#5 /home/admin123/untitled/vendor/laravel/framework/src/Illuminate/Foundation/Application.php(971): Illuminate\\Container\\Container->make()
#6 /home/admin123/untitled/vendor/laravel/framework/src/Illuminate/Container/Container.php(1454): Illuminate\\Foundation\\Application->make()
#7 /home/admin123/untitled/vendor/laravel/framework/src/Illuminate/View/ViewServiceProvider.php(45): Illuminate\\Container\\Container->offsetGet()
#8 /home/admin123/untitled/vendor/laravel/framework/src/Illuminate/Container/Container.php(908): Illuminate\\View\\ViewServiceProvider->Illuminate\\View\\{closure}()
#9 /home/admin123/untitled/vendor/laravel/framework/src/Illuminate/Container/Container.php(795): Illuminate\\Container\\Container->build()
#10 /home/admin123/untitled/vendor/laravel/framework/src/Illuminate/Foundation/Application.php(986): Illuminate\\Container\\Container->resolve()
#11 /home/admin123/untitled/vendor/laravel/framework/src/Illuminate/Container/Container.php(731): Illuminate\\Foundation\\Application->resolve()
#12 /home/admin123/untitled/vendor/laravel/framework/src/Illuminate/Foundation/Application.php(971): Illuminate\\Container\\Container->make()
#13 /home/admin123/untitled/vendor/laravel/framework/src/Illuminate/Container/Container.php(1066): Illuminate\\Foundation\\Application->make()
#14 /home/admin123/untitled/vendor/laravel/framework/src/Illuminate/Container/Container.php(982): Illuminate\\Container\\Container->resolveClass()
#15 /home/admin123/untitled/vendor/laravel/framework/src/Illuminate/Container/Container.php(943): Illuminate\\Container\\Container->resolveDependencies()
#16 /home/admin123/untitled/vendor/laravel/framework/src/Illuminate/Container/Container.php(795): Illuminate\\Container\\Container->build()
#17 /home/admin123/untitled/vendor/laravel/framework/src/Illuminate/Foundation/Application.php(986): Illuminate\\Container\\Container->resolve()
#18 /home/admin123/untitled/vendor/laravel/framework/src/Illuminate/Container/Container.php(731): Illuminate\\Foundation\\Application->resolve()
#19 /home/admin123/untitled/vendor/laravel/framework/src/Illuminate/Foundation/Application.php(971): Illuminate\\Container\\Container->make()
#20 /home/admin123/untitled/vendor/laravel/framework/src/Illuminate/Foundation/Http/Kernel.php(255): Illuminate\\Foundation\\Application->make()
#21 /home/admin123/untitled/vendor/laravel/framework/src/Illuminate/Foundation/Http/Kernel.php(213): Illuminate\\Foundation\\Http\\Kernel->terminateMiddleware()
#22 /home/admin123/untitled/public/index.php(36): Illuminate\\Foundation\\Http\\Kernel->terminate()
#23 /home/admin123/untitled/vendor/laravel/framework/src/Illuminate/Foundation/resources/server.php(16): require_once('...')
#24 {main}
"} 
[2025-11-05 10:24:06] local.ERROR: Illuminate\View\FileViewFinder::__construct(): Argument #2 ($paths) must be of type array, null given, called in /home/admin123/untitled/vendor/laravel/framework/src/Illuminate/View/ViewServiceProvider.php on line 85 {"exception":"[object] (TypeError(code: 0): Illuminate\\View\\FileViewFinder::__construct(): Argument #2 ($paths) must be of type array, null given, called in /home/admin123/untitled/vendor/laravel/framework/src/Illuminate/View/ViewServiceProvider.php on line 85 at /home/admin123/untitled/vendor/laravel/framework/src/Illuminate/View/FileViewFinder.php:53)
[stacktrace]
#0 /home/admin123/untitled/vendor/laravel/framework/src/Illuminate/View/ViewServiceProvider.php(85): Illuminate\\View\\FileViewFinder->__construct()
#1 /home/admin123/untitled/vendor/laravel/framework/src/Illuminate/Container/Container.php(908): Illuminate\\View\\ViewServiceProvider->Illuminate\\View\\{closure}()
#2 /home/admin123/untitled/vendor/laravel/framework/src/Illuminate/Container/Container.php(795): Illuminate\\Container\\Container->build()
#3 /home/admin123/untitled/vendor/laravel/framework/src/Illuminate/Foundation/Application.php(986): Illuminate\\Container\\Container->resolve()
#4 /home/admin123/untitled/vendor/laravel/framework/src/Illuminate/Container/Container.php(731): Illuminate\\Foundation\\Application->resolve()
#5 /home/admin123/untitled/vendor/laravel/framework/src/Illuminate/Foundation/Application.php(971): Illuminate\\Container\\Container->make()
#6 /home/admin123/untitled/vendor/laravel/framework/src/Illuminate/Container/Container.php(1454): Illuminate\\Foundation\\Application->make()
#7 /home/admin123/untitled/vendor/laravel/framework/src/Illuminate/View/ViewServiceProvider.php(45): Illuminate\\Container\\Container->offsetGet()
#8 /home/admin123/untitled/vendor/laravel/framework/src/Illuminate/Container/Container.php(908): Illuminate\\View\\ViewServiceProvider->Illuminate\\View\\{closure}()
#9 /home/admin123/untitled/vendor/laravel/framework/src/Illuminate/Container/Container.php(795): Illuminate\\Container\\Container->build()
#10 /home/admin123/untitled/vendor/laravel/framework/src/Illuminate/Foundation/Application.php(986): Illuminate\\Container\\Container->resolve()
#11 /home/admin123/untitled/vendor/laravel/framework/src/Illuminate/Container/Container.php(731): Illuminate\\Foundation\\Application->resolve()
#12 /home/admin123/untitled/vendor/laravel/framework/src/Illuminate/Foundation/Application.php(971): Illuminate\\Container\\Container->make()
#13 /home/admin123/untitled/vendor/laravel/framework/src/Illuminate/Container/Container.php(1454): Illuminate\\Foundation\\Application->make()
#14 /home/admin123/untitled/vendor/laravel/framework/src/Illuminate/Support/Facades/Facade.php(237): Illuminate\\Container\\Container->offsetGet()
#15 /home/admin123/untitled/vendor/laravel/framework/src/Illuminate/Support/Facades/Facade.php(208): Illuminate\\Support\\Facades\\Facade::resolveFacadeInstance()
#16 /home/admin123/untitled/vendor/laravel/framework/src/Illuminate/Support/Facades/Facade.php(349): Illuminate\\Support\\Facades\\Facade::getFacadeRoot()
#17 /home/admin123/untitled/vendor/laravel/framework/src/Illuminate/Foundation/Exceptions/RegisterErrorViewPaths.php(16): Illuminate\\Support\\Facades\\Facade::__callStatic()
#18 /home/admin123/untitled/vendor/laravel/framework/src/Illuminate/Foundation/Exceptions/Handler.php(744): Illuminate\\Foundation\\Exceptions\\RegisterErrorViewPaths->__invoke()
#19 /home/admin123/untitled/vendor/laravel/framework/src/Illuminate/Foundation/Exceptions/Handler.php(719): Illuminate\\Foundation\\Exceptions\\Handler->registerErrorViewPaths()
#20 /home/admin123/untitled/vendor/laravel/framework/src/Illuminate/Foundation/Exceptions/Handler.php(650): Illuminate\\Foundation\\Exceptions\\Handler->renderHttpException()
#21 /home/admin123/untitled/vendor/laravel/framework/src/Illuminate/Foundation/Exceptions/Handler.php(556): Illuminate\\Foundation\\Exceptions\\Handler->prepareResponse()
#22 /home/admin123/untitled/vendor/laravel/framework/src/Illuminate/Foundation/Exceptions/Handler.php(473): Illuminate\\Foundation\\Exceptions\\Handler->renderExceptionResponse()
#23 /home/admin123/untitled/vendor/laravel/framework/src/Illuminate/Routing/Pipeline.php(51): Illuminate\\Foundation\\Exceptions\\Handler->render()
#24 /home/admin123/untitled/vendor/laravel/framework/src/Illuminate/Pipeline/Pipeline.php(146): Illuminate\\Routing\\Pipeline->handleException()
#25 /home/admin123/untitled/vendor/laravel/framework/src/Illuminate/Foundation/Http/Middleware/TransformsRequest.php(21): Illuminate\\Pipeline\\Pipeline->Illuminate\\Pipeline\\{closure}()
#26 /home/admin123/untitled/vendor/laravel/framework/src/Illuminate/Foundation/Http/Middleware/ConvertEmptyStringsToNull.php(31): Illuminate\\Foundation\\Http\\Middleware\\TransformsRequest->handle()
#27 /home/admin123/untitled/vendor/laravel/framework/src/Illuminate/Pipeline/Pipeline.php(183): Illuminate\\Foundation\\Http\\Middleware\\ConvertEmptyStringsToNull->handle()
#28 /home/admin123/untitled/vendor/laravel/framework/src/Illuminate/Foundation/Http/Middleware/TransformsRequest.php(21): Illuminate\\Pipeline\\Pipeline->Illuminate\\Pipeline\\{closure}()
#29 /home/admin123/untitled/vendor/laravel/framework/src/Illuminate/Foundation/Http/Middleware/TrimStrings.php(40): Illuminate\\Foundation\\Http\\Middleware\\TransformsRequest->handle()
#30 /home/admin123/untitled/vendor/laravel/framework/src/Illuminate/Pipeline/Pipeline.php(183): Illuminate\\Foundation\\Http\\Middleware\\TrimStrings->handle()
#31 /home/admin123/untitled/vendor/laravel/framework/src/Illuminate/Foundation/Http/Middleware/ValidatePostSize.php(27): Illuminate\\Pipeline\\Pipeline->Illuminate\\Pipeline\\{closure}()
#32 /home/admin123/untitled/vendor/laravel/framework/src/Illuminate/Pipeline/Pipeline.php(183): Illuminate\\Foundation\\Http\\Middleware\\ValidatePostSize->handle()
#33 /home/admin123/untitled/vendor/laravel/framework/src/Illuminate/Foundation/Http/Middleware/PreventRequestsDuringMaintenance.php(99): Illuminate\\Pipeline\\Pipeline->Illuminate\\Pipeline\\{closure}()
#34 /home/admin123/untitled/vendor/laravel/framework/src/Illuminate/Pipeline/Pipeline.php(183): Illuminate\\Foundation\\Http\\Middleware\\PreventRequestsDuringMaintenance->handle()
#35 /home/admin123/untitled/vendor/laravel/framework/src/Illuminate/Http/Middleware/HandleCors.php(49): Illuminate\\Pipeline\\Pipeline->Illuminate\\Pipeline\\{closure}()
#36 /home/admin123/untitled/vendor/laravel/framework/src/Illuminate/Pipeline/Pipeline.php(183): Illuminate\\Http\\Middleware\\HandleCors->handle()
#37 /home/admin123/untitled/vendor/laravel/framework/src/Illuminate/Http/Middleware/TrustProxies.php(39): Illuminate\\Pipeline\\Pipeline->Illuminate\\Pipeline\\{closure}()
#38 /home/admin123/untitled/vendor/laravel/framework/src/Illuminate/Pipeline/Pipeline.php(183): Illuminate\\Http\\Middleware\\TrustProxies->handle()
#39 /home/admin123/untitled/vendor/laravel/framework/src/Illuminate/Pipeline/Pipeline.php(119): Illuminate\\Pipeline\\Pipeline->Illuminate\\Pipeline\\{closure}()
#40 /home/admin123/untitled/vendor/laravel/framework/src/Illuminate/Foundation/Http/Kernel.php(175): Illuminate\\Pipeline\\Pipeline->then()
#41 /home/admin123/untitled/vendor/laravel/framework/src/Illuminate/Foundation/Http/Kernel.php(144): Illuminate\\Foundation\\Http\\Kernel->sendRequestThroughRouter()
#42 /home/admin123/untitled/public/index.php(30): Illuminate\\Foundation\\Http\\Kernel->handle()
#43 /home/admin123/untitled/vendor/laravel/framework/src/Illuminate/Foundation/resources/server.php(16): require_once('...')
#44 {main}
"} 
[2025-11-05 10:24:07] local.ERROR: Illuminate\View\FileViewFinder::__construct(): Argument #2 ($paths) must be of type array, null given, called in /home/admin123/untitled/vendor/laravel/framework/src/Illuminate/View/ViewServiceProvider.php on line 85 {"exception":"[object] (TypeError(code: 0): Illuminate\\View\\FileViewFinder::__construct(): Argument #2 ($paths) must be of type array, null given, called in /home/admin123/untitled/vendor/laravel/framework/src/Illuminate/View/ViewServiceProvider.php on line 85 at /home/admin123/untitled/vendor/laravel/framework/src/Illuminate/View/FileViewFinder.php:53)
[stacktrace]
#0 /home/admin123/untitled/vendor/laravel/framework/src/Illuminate/View/ViewServiceProvider.php(85): Illuminate\\View\\FileViewFinder->__construct()
#1 /home/admin123/untitled/vendor/laravel/framework/src/Illuminate/Container/Container.php(908): Illuminate\\View\\ViewServiceProvider->Illuminate\\View\\{closure}()
#2 /home/admin123/untitled/vendor/laravel/framework/src/Illuminate/Container/Container.php(795): Illuminate\\Container\\Container->build()
#3 /home/admin123/untitled/vendor/laravel/framework/src/Illuminate/Foundation/Application.php(986): Illuminate\\Container\\Container->resolve()
#4 /home/admin123/untitled/vendor/laravel/framework/src/Illuminate/Container/Container.php(731): Illuminate\\Foundation\\Application->resolve()
#5 /home/admin123/untitled/vendor/laravel/framework/src/Illuminate/Foundation/Application.php(971): Illuminate\\Container\\Container->make()
#6 /home/admin123/untitled/vendor/laravel/framework/src/Illuminate/Container/Container.php(1454): Illuminate\\Foundation\\Application->make()
#7 /home/admin123/untitled/vendor/laravel/framework/src/Illuminate/View/ViewServiceProvider.php(45): Illuminate\\Container\\Container->offsetGet()
#8 /home/admin123/untitled/vendor/laravel/framework/src/Illuminate/Container/Container.php(908): Illuminate\\View\\ViewServiceProvider->Illuminate\\View\\{closure}()
#9 /home/admin123/untitled/vendor/laravel/framework/src/Illuminate/Container/Container.php(795): Illuminate\\Container\\Container->build()
#10 /home/admin123/untitled/vendor/laravel/framework/src/Illuminate/Foundation/Application.php(986): Illuminate\\Container\\Container->resolve()
#11 /home/admin123/untitled/vendor/laravel/framework/src/Illuminate/Container/Container.php(731): Illuminate\\Foundation\\Application->resolve()
#12 /home/admin123/untitled/vendor/laravel/framework/src/Illuminate/Foundation/Application.php(971): Illuminate\\Container\\Container->make()
#13 /home/admin123/untitled/vendor/laravel/framework/src/Illuminate/Container/Container.php(1454): Illuminate\\Foundation\\Application->make()
#14 /home/admin123/untitled/vendor/laravel/framework/src/Illuminate/Support/Facades/Facade.php(237): Illuminate\\Container\\Container->offsetGet()
#15 /home/admin123/untitled/vendor/laravel/framework/src/Illuminate/Support/Facades/Facade.php(208): Illuminate\\Support\\Facades\\Facade::resolveFacadeInstance()
#16 /home/admin123/untitled/vendor/laravel/framework/src/Illuminate/Support/Facades/Facade.php(349): Illuminate\\Support\\Facades\\Facade::getFacadeRoot()
#17 /home/admin123/untitled/vendor/laravel/framework/src/Illuminate/Foundation/Exceptions/RegisterErrorViewPaths.php(16): Illuminate\\Support\\Facades\\Facade::__callStatic()
#18 /home/admin123/untitled/vendor/laravel/framework/src/Illuminate/Foundation/Exceptions/Handler.php(744): Illuminate\\Foundation\\Exceptions\\RegisterErrorViewPaths->__invoke()
#19 /home/admin123/untitled/vendor/laravel/framework/src/Illuminate/Foundation/Exceptions/Handler.php(719): Illuminate\\Foundation\\Exceptions\\Handler->registerErrorViewPaths()
#20 /home/admin123/untitled/vendor/laravel/framework/src/Illuminate/Foundation/Exceptions/Handler.php(650): Illuminate\\Foundation\\Exceptions\\Handler->renderHttpException()
#21 /home/admin123/untitled/vendor/laravel/framework/src/Illuminate/Foundation/Exceptions/Handler.php(556): Illuminate\\Foundation\\Exceptions\\Handler->prepareResponse()
#22 /home/admin123/untitled/vendor/laravel/framework/src/Illuminate/Foundation/Exceptions/Handler.php(473): Illuminate\\Foundation\\Exceptions\\Handler->renderExceptionResponse()
#23 /home/admin123/untitled/vendor/laravel/framework/src/Illuminate/Routing/Pipeline.php(51): Illuminate\\Foundation\\Exceptions\\Handler->render()
#24 /home/admin123/untitled/vendor/laravel/framework/src/Illuminate/Pipeline/Pipeline.php(146): Illuminate\\Routing\\Pipeline->handleException()
#25 /home/admin123/untitled/vendor/laravel/framework/src/Illuminate/Foundation/Http/Middleware/TransformsRequest.php(21): Illuminate\\Pipeline\\Pipeline->Illuminate\\Pipeline\\{closure}()
#26 /home/admin123/untitled/vendor/laravel/framework/src/Illuminate/Foundation/Http/Middleware/ConvertEmptyStringsToNull.php(31): Illuminate\\Foundation\\Http\\Middleware\\TransformsRequest->handle()
#27 /home/admin123/untitled/vendor/laravel/framework/src/Illuminate/Pipeline/Pipeline.php(183): Illuminate\\Foundation\\Http\\Middleware\\ConvertEmptyStringsToNull->handle()
#28 /home/admin123/untitled/vendor/laravel/framework/src/Illuminate/Foundation/Http/Middleware/TransformsRequest.php(21): Illuminate\\Pipeline\\Pipeline->Illuminate\\Pipeline\\{closure}()
#29 /home/admin123/untitled/vendor/laravel/framework/src/Illuminate/Foundation/Http/Middleware/TrimStrings.php(40): Illuminate\\Foundation\\Http\\Middleware\\TransformsRequest->handle()
#30 /home/admin123/untitled/vendor/laravel/framework/src/Illuminate/Pipeline/Pipeline.php(183): Illuminate\\Foundation\\Http\\Middleware\\TrimStrings->handle()
#31 /home/admin123/untitled/vendor/laravel/framework/src/Illuminate/Foundation/Http/Middleware/ValidatePostSize.php(27): Illuminate\\Pipeline\\Pipeline->Illuminate\\Pipeline\\{closure}()
#32 /home/admin123/untitled/vendor/laravel/framework/src/Illuminate/Pipeline/Pipeline.php(183): Illuminate\\Foundation\\Http\\Middleware\\ValidatePostSize->handle()
#33 /home/admin123/untitled/vendor/laravel/framework/src/Illuminate/Foundation/Http/Middleware/PreventRequestsDuringMaintenance.php(99): Illuminate\\Pipeline\\Pipeline->Illuminate\\Pipeline\\{closure}()
#34 /home/admin123/untitled/vendor/laravel/framework/src/Illuminate/Pipeline/Pipeline.php(183): Illuminate\\Foundation\\Http\\Middleware\\PreventRequestsDuringMaintenance->handle()
#35 /home/admin123/untitled/vendor/laravel/framework/src/Illuminate/Http/Middleware/HandleCors.php(49): Illuminate\\Pipeline\\Pipeline->Illuminate\\Pipeline\\{closure}()
#36 /home/admin123/untitled/vendor/laravel/framework/src/Illuminate/Pipeline/Pipeline.php(183): Illuminate\\Http\\Middleware\\HandleCors->handle()
#37 /home/admin123/untitled/vendor/laravel/framework/src/Illuminate/Http/Middleware/TrustProxies.php(39): Illuminate\\Pipeline\\Pipeline->Illuminate\\Pipeline\\{closure}()
#38 /home/admin123/untitled/vendor/laravel/framework/src/Illuminate/Pipeline/Pipeline.php(183): Illuminate\\Http\\Middleware\\TrustProxies->handle()
#39 /home/admin123/untitled/vendor/laravel/framework/src/Illuminate/Pipeline/Pipeline.php(119): Illuminate\\Pipeline\\Pipeline->Illuminate\\Pipeline\\{closure}()
#40 /home/admin123/untitled/vendor/laravel/framework/src/Illuminate/Foundation/Http/Kernel.php(175): Illuminate\\Pipeline\\Pipeline->then()
#41 /home/admin123/untitled/vendor/laravel/framework/src/Illuminate/Foundation/Http/Kernel.php(144): Illuminate\\Foundation\\Http\\Kernel->sendRequestThroughRouter()
#42 /home/admin123/untitled/public/index.php(30): Illuminate\\Foundation\\Http\\Kernel->handle()
#43 /home/admin123/untitled/vendor/laravel/framework/src/Illuminate/Foundation/resources/server.php(16): require_once('...')
#44 {main}
"} 
[2025-11-05 10:27:37] local.ERROR: Illuminate\View\FileViewFinder::__construct(): Argument #2 ($paths) must be of type array, null given, called in /home/admin123/untitled/vendor/laravel/framework/src/Illuminate/View/ViewServiceProvider.php on line 85 {"exception":"[object] (TypeError(code: 0): Illuminate\\View\\FileViewFinder::__construct(): Argument #2 ($paths) must be of type array, null given, called in /home/admin123/untitled/vendor/laravel/framework/src/Illuminate/View/ViewServiceProvider.php on line 85 at /home/admin123/untitled/vendor/laravel/framework/src/Illuminate/View/FileViewFinder.php:53)
[stacktrace]
#0 /home/admin123/untitled/vendor/laravel/framework/src/Illuminate/View/ViewServiceProvider.php(85): Illuminate\\View\\FileViewFinder->__construct()
#1 /home/admin123/untitled/vendor/laravel/framework/src/Illuminate/Container/Container.php(908): Illuminate\\View\\ViewServiceProvider->Illuminate\\View\\{closure}()
#2 /home/admin123/untitled/vendor/laravel/framework/src/Illuminate/Container/Container.php(795): Illuminate\\Container\\Container->build()
#3 /home/admin123/untitled/vendor/laravel/framework/src/Illuminate/Foundation/Application.php(986): Illuminate\\Container\\Container->resolve()
#4 /home/admin123/untitled/vendor/laravel/framework/src/Illuminate/Container/Container.php(731): Illuminate\\Foundation\\Application->resolve()
#5 /home/admin123/untitled/vendor/laravel/framework/src/Illuminate/Foundation/Application.php(971): Illuminate\\Container\\Container->make()
#6 /home/admin123/untitled/vendor/laravel/framework/src/Illuminate/Container/Container.php(1454): Illuminate\\Foundation\\Application->make()
#7 /home/admin123/untitled/vendor/laravel/framework/src/Illuminate/View/ViewServiceProvider.php(45): Illuminate\\Container\\Container->offsetGet()
#8 /home/admin123/untitled/vendor/laravel/framework/src/Illuminate/Container/Container.php(908): Illuminate\\View\\ViewServiceProvider->Illuminate\\View\\{closure}()
#9 /home/admin123/untitled/vendor/laravel/framework/src/Illuminate/Container/Container.php(795): Illuminate\\Container\\Container->build()
#10 /home/admin123/untitled/vendor/laravel/framework/src/Illuminate/Foundation/Application.php(986): Illuminate\\Container\\Container->resolve()
#11 /home/admin123/untitled/vendor/laravel/framework/src/Illuminate/Container/Container.php(731): Illuminate\\Foundation\\Application->resolve()
#12 /home/admin123/untitled/vendor/laravel/framework/src/Illuminate/Foundation/Application.php(971): Illuminate\\Container\\Container->make()
#13 /home/admin123/untitled/vendor/laravel/framework/src/Illuminate/Container/Container.php(1066): Illuminate\\Foundation\\Application->make()
#14 /home/admin123/untitled/vendor/laravel/framework/src/Illuminate/Container/Container.php(982): Illuminate\\Container\\Container->resolveClass()
#15 /home/admin123/untitled/vendor/laravel/framework/src/Illuminate/Container/Container.php(943): Illuminate\\Container\\Container->resolveDependencies()
#16 /home/admin123/untitled/vendor/laravel/framework/src/Illuminate/Container/Container.php(795): Illuminate\\Container\\Container->build()
#17 /home/admin123/untitled/vendor/laravel/framework/src/Illuminate/Foundation/Application.php(986): Illuminate\\Container\\Container->resolve()
#18 /home/admin123/untitled/vendor/laravel/framework/src/Illuminate/Container/Container.php(731): Illuminate\\Foundation\\Application->resolve()
#19 /home/admin123/untitled/vendor/laravel/framework/src/Illuminate/Foundation/Application.php(971): Illuminate\\Container\\Container->make()
#20 /home/admin123/untitled/vendor/laravel/framework/src/Illuminate/Pipeline/Pipeline.php(172): Illuminate\\Foundation\\Application->make()
#21 /home/admin123/untitled/vendor/laravel/framework/src/Illuminate/Session/Middleware/StartSession.php(121): Illuminate\\Pipeline\\Pipeline->Illuminate\\Pipeline\\{closure}()
#22 /home/admin123/untitled/vendor/laravel/framework/src/Illuminate/Session/Middleware/StartSession.php(64): Illuminate\\Session\\Middleware\\StartSession->handleStatefulRequest()
#23 /home/admin123/untitled/vendor/laravel/framework/src/Illuminate/Pipeline/Pipeline.php(183): Illuminate\\Session\\Middleware\\StartSession->handle()
#24 /home/admin123/untitled/vendor/laravel/framework/src/Illuminate/Cookie/Middleware/AddQueuedCookiesToResponse.php(37): Illuminate\\Pipeline\\Pipeline->Illuminate\\Pipeline\\{closure}()
#25 /home/admin123/untitled/vendor/laravel/framework/src/Illuminate/Pipeline/Pipeline.php(183): Illuminate\\Cookie\\Middleware\\AddQueuedCookiesToResponse->handle()
#26 /home/admin123/untitled/vendor/laravel/framework/src/Illuminate/Cookie/Middleware/EncryptCookies.php(67): Illuminate\\Pipeline\\Pipeline->Illuminate\\Pipeline\\{closure}()
#27 /home/admin123/untitled/vendor/laravel/framework/src/Illuminate/Pipeline/Pipeline.php(183): Illuminate\\Cookie\\Middleware\\EncryptCookies->handle()
#28 /home/admin123/untitled/vendor/laravel/framework/src/Illuminate/Pipeline/Pipeline.php(119): Illuminate\\Pipeline\\Pipeline->Illuminate\\Pipeline\\{closure}()
#29 /home/admin123/untitled/vendor/laravel/framework/src/Illuminate/Routing/Router.php(805): Illuminate\\Pipeline\\Pipeline->then()
#30 /home/admin123/untitled/vendor/laravel/framework/src/Illuminate/Routing/Router.php(784): Illuminate\\Routing\\Router->runRouteWithinStack()
#31 /home/admin123/untitled/vendor/laravel/framework/src/Illuminate/Routing/Router.php(748): Illuminate\\Routing\\Router->runRoute()
#32 /home/admin123/untitled/vendor/laravel/framework/src/Illuminate/Routing/Router.php(737): Illuminate\\Routing\\Router->dispatchToRoute()
#33 /home/admin123/untitled/vendor/laravel/framework/src/Illuminate/Foundation/Http/Kernel.php(200): Illuminate\\Routing\\Router->dispatch()
#34 /home/admin123/untitled/vendor/laravel/framework/src/Illuminate/Pipeline/Pipeline.php(144): Illuminate\\Foundation\\Http\\Kernel->Illuminate\\Foundation\\Http\\{closure}()
#35 /home/admin123/untitled/vendor/laravel/framework/src/Illuminate/Foundation/Http/Middleware/TransformsRequest.php(21): Illuminate\\Pipeline\\Pipeline->Illuminate\\Pipeline\\{closure}()
#36 /home/admin123/untitled/vendor/laravel/framework/src/Illuminate/Foundation/Http/Middleware/ConvertEmptyStringsToNull.php(31): Illuminate\\Foundation\\Http\\Middleware\\TransformsRequest->handle()
#37 /home/admin123/untitled/vendor/laravel/framework/src/Illuminate/Pipeline/Pipeline.php(183): Illuminate\\Foundation\\Http\\Middleware\\ConvertEmptyStringsToNull->handle()
#38 /home/admin123/untitled/vendor/laravel/framework/src/Illuminate/Foundation/Http/Middleware/TransformsRequest.php(21): Illuminate\\Pipeline\\Pipeline->Illuminate\\Pipeline\\{closure}()
#39 /home/admin123/untitled/vendor/laravel/framework/src/Illuminate/Foundation/Http/Middleware/TrimStrings.php(40): Illuminate\\Foundation\\Http\\Middleware\\TransformsRequest->handle()
#40 /home/admin123/untitled/vendor/laravel/framework/src/Illuminate/Pipeline/Pipeline.php(183): Illuminate\\Foundation\\Http\\Middleware\\TrimStrings->handle()
#41 /home/admin123/untitled/vendor/laravel/framework/src/Illuminate/Foundation/Http/Middleware/ValidatePostSize.php(27): Illuminate\\Pipeline\\Pipeline->Illuminate\\Pipeline\\{closure}()
#42 /home/admin123/untitled/vendor/laravel/framework/src/Illuminate/Pipeline/Pipeline.php(183): Illuminate\\Foundation\\Http\\Middleware\\ValidatePostSize->handle()
#43 /home/admin123/untitled/vendor/laravel/framework/src/Illuminate/Foundation/Http/Middleware/PreventRequestsDuringMaintenance.php(99): Illuminate\\Pipeline\\Pipeline->Illuminate\\Pipeline\\{closure}()
#44 /home/admin123/untitled/vendor/laravel/framework/src/Illuminate/Pipeline/Pipeline.php(183): Illuminate\\Foundation\\Http\\Middleware\\PreventRequestsDuringMaintenance->handle()
#45 /home/admin123/untitled/vendor/laravel/framework/src/Illuminate/Http/Middleware/HandleCors.php(49): Illuminate\\Pipeline\\Pipeline->Illuminate\\Pipeline\\{closure}()
#46 /home/admin123/untitled/vendor/laravel/framework/src/Illuminate/Pipeline/Pipeline.php(183): Illuminate\\Http\\Middleware\\HandleCors->handle()
#47 /home/admin123/untitled/vendor/laravel/framework/src/Illuminate/Http/Middleware/TrustProxies.php(39): Illuminate\\Pipeline\\Pipeline->Illuminate\\Pipeline\\{closure}()
#48 /home/admin123/untitled/vendor/laravel/framework/src/Illuminate/Pipeline/Pipeline.php(183): Illuminate\\Http\\Middleware\\TrustProxies->handle()
#49 /home/admin123/untitled/vendor/laravel/framework/src/Illuminate/Pipeline/Pipeline.php(119): Illuminate\\Pipeline\\Pipeline->Illuminate\\Pipeline\\{closure}()
#50 /home/admin123/untitled/vendor/laravel/framework/src/Illuminate/Foundation/Http/Kernel.php(175): Illuminate\\Pipeline\\Pipeline->then()
#51 /home/admin123/untitled/vendor/laravel/framework/src/Illuminate/Foundation/Http/Kernel.php(144): Illuminate\\Foundation\\Http\\Kernel->sendRequestThroughRouter()
#52 /home/admin123/untitled/public/index.php(30): Illuminate\\Foundation\\Http\\Kernel->handle()
#53 /home/admin123/untitled/vendor/laravel/framework/src/Illuminate/Foundation/resources/server.php(16): require_once('...')
#54 {main}
"} 
[2025-11-05 10:27:38] local.ERROR: Illuminate\View\FileViewFinder::__construct(): Argument #2 ($paths) must be of type array, null given, called in /home/admin123/untitled/vendor/laravel/framework/src/Illuminate/View/ViewServiceProvider.php on line 85 {"exception":"[object] (TypeError(code: 0): Illuminate\\View\\FileViewFinder::__construct(): Argument #2 ($paths) must be of type array, null given, called in /home/admin123/untitled/vendor/laravel/framework/src/Illuminate/View/ViewServiceProvider.php on line 85 at /home/admin123/untitled/vendor/laravel/framework/src/Illuminate/View/FileViewFinder.php:53)
[stacktrace]
#0 /home/admin123/untitled/vendor/laravel/framework/src/Illuminate/View/ViewServiceProvider.php(85): Illuminate\\View\\FileViewFinder->__construct()
#1 /home/admin123/untitled/vendor/laravel/framework/src/Illuminate/Container/Container.php(908): Illuminate\\View\\ViewServiceProvider->Illuminate\\View\\{closure}()
#2 /home/admin123/untitled/vendor/laravel/framework/src/Illuminate/Container/Container.php(795): Illuminate\\Container\\Container->build()
#3 /home/admin123/untitled/vendor/laravel/framework/src/Illuminate/Foundation/Application.php(986): Illuminate\\Container\\Container->resolve()
#4 /home/admin123/untitled/vendor/laravel/framework/src/Illuminate/Container/Container.php(731): Illuminate\\Foundation\\Application->resolve()
#5 /home/admin123/untitled/vendor/laravel/framework/src/Illuminate/Foundation/Application.php(971): Illuminate\\Container\\Container->make()
#6 /home/admin123/untitled/vendor/laravel/framework/src/Illuminate/Container/Container.php(1454): Illuminate\\Foundation\\Application->make()
#7 /home/admin123/untitled/vendor/laravel/framework/src/Illuminate/View/ViewServiceProvider.php(45): Illuminate\\Container\\Container->offsetGet()
#8 /home/admin123/untitled/vendor/laravel/framework/src/Illuminate/Container/Container.php(908): Illuminate\\View\\ViewServiceProvider->Illuminate\\View\\{closure}()
#9 /home/admin123/untitled/vendor/laravel/framework/src/Illuminate/Container/Container.php(795): Illuminate\\Container\\Container->build()
#10 /home/admin123/untitled/vendor/laravel/framework/src/Illuminate/Foundation/Application.php(986): Illuminate\\Container\\Container->resolve()
#11 /home/admin123/untitled/vendor/laravel/framework/src/Illuminate/Container/Container.php(731): Illuminate\\Foundation\\Application->resolve()
#12 /home/admin123/untitled/vendor/laravel/framework/src/Illuminate/Foundation/Application.php(971): Illuminate\\Container\\Container->make()
#13 /home/admin123/untitled/vendor/laravel/framework/src/Illuminate/Container/Container.php(1066): Illuminate\\Foundation\\Application->make()
#14 /home/admin123/untitled/vendor/laravel/framework/src/Illuminate/Container/Container.php(982): Illuminate\\Container\\Container->resolveClass()
#15 /home/admin123/untitled/vendor/laravel/framework/src/Illuminate/Container/Container.php(943): Illuminate\\Container\\Container->resolveDependencies()
#16 /home/admin123/untitled/vendor/laravel/framework/src/Illuminate/Container/Container.php(795): Illuminate\\Container\\Container->build()
#17 /home/admin123/untitled/vendor/laravel/framework/src/Illuminate/Foundation/Application.php(986): Illuminate\\Container\\Container->resolve()
#18 /home/admin123/untitled/vendor/laravel/framework/src/Illuminate/Container/Container.php(731): Illuminate\\Foundation\\Application->resolve()
#19 /home/admin123/untitled/vendor/laravel/framework/src/Illuminate/Foundation/Application.php(971): Illuminate\\Container\\Container->make()
#20 /home/admin123/untitled/vendor/laravel/framework/src/Illuminate/Foundation/Http/Kernel.php(255): Illuminate\\Foundation\\Application->make()
#21 /home/admin123/untitled/vendor/laravel/framework/src/Illuminate/Foundation/Http/Kernel.php(213): Illuminate\\Foundation\\Http\\Kernel->terminateMiddleware()
#22 /home/admin123/untitled/public/index.php(36): Illuminate\\Foundation\\Http\\Kernel->terminate()
#23 /home/admin123/untitled/vendor/laravel/framework/src/Illuminate/Foundation/resources/server.php(16): require_once('...')
#24 {main}
"} 
